Timestamp,User Count,Type,Name,Requests/s,Failures/s,50%,66%,75%,80%,90%,95%,98%,99%,99.9%,99.99%,100%,Total Request Count,Total Failure Count,Total Median Response Time,Total Average Response Time,Total Min Response Time,Total Max Response Time,Total Average Content Size
1618347003,1,,Aggregated,0.000000,0.000000,N/A,N/A,N/A,N/A,N/A,N/A,N/A,N/A,N/A,N/A,N/A,0,0,0,0,0,0,0
1618347004,2,,Aggregated,0.000000,0.000000,360,360,360,360,360,360,360,360,360,360,360,1,0,359.99999998603016,359.99999998603016,359.99999998603016,359.99999998603016,0.0
1618347005,3,,Aggregated,0.000000,0.000000,250,250,360,360,360,360,360,360,360,360,360,3,0,250.0,234.33333332650363,92.99999999348074,359.99999998603016,0.0
1618347006,4,,Aggregated,0.000000,0.000000,250,250,250,360,360,360,360,360,360,360,360,5,0,250.0,202.9999999969732,62.000000005355105,359.99999998603016,0.0
1618347007,5,,Aggregated,1.000000,0.000000,250,250,360,360,810,810,810,810,810,810,810,8,0,230.0,263.7499999946158,46.999999991385266,812.9999999946449,0.0
1618347008,6,,Aggregated,1.500000,0.000000,250,250,360,810,950,950,950,950,950,950,950,10,0,250.0,331.2999999965541,46.999999991385266,953.0000000086147,0.0
1618347009,7,,Aggregated,1.666667,0.000000,250,360,810,810,950,1000,1000,1000,1000,1000,1000,11,0,250.0,392.0909090877765,46.999999991385266,1000.0,0.0
1618347010,8,,Aggregated,2.000000,0.000000,360,950,1000,1000,1900,2000,2000,2000,2000,2000,2000,18,0,260.0,654.4444444411461,46.999999991385266,2000.0,0.0
1618347011,9,,Aggregated,2.000000,0.000000,250,360,950,980,1200,1900,2000,2000,2000,2000,2000,26,0,250.0,479.65384615012084,46.999999991385266,2000.0,0.0
1618347012,10,,Aggregated,1.833333,0.000000,63,250,360,950,1000,1900,2000,2000,2000,2000,2000,35,0,63,375.4857142830068,46.000000002095476,2000.0,0.0
1618347013,10,,Aggregated,2.571429,0.000000,63,240,250,360,1000,1200,2000,2000,2000,2000,2000,45,0,63,309.11111110860173,46.000000002095476,2000.0,0.0
1618347014,10,,Aggregated,3.250000,0.000000,63,63,250,260,980,1200,1900,2000,2000,2000,2000,55,0,63,261.3999999974939,46.000000002095476,2000.0,0.0
1618347015,10,,Aggregated,3.888889,0.000000,63,63,230,250,950,1000,1900,2000,2000,2000,2000,65,0,63,229.8769230743906,46.000000002095476,2000.0,0.0
1618347016,10,,Aggregated,4.500000,0.000000,62,63,63,250,810,1000,1900,2000,2000,2000,2000,75,0,62,206.8933333316818,46.000000002095476,2000.0,0.0
1618347017,10,,Aggregated,5.400000,0.000000,63,63,78,230,360,1000,1900,2000,2000,2000,2000,85,0,63,190.82352940869683,46.000000002095476,2000.0,0.0
1618347018,10,,Aggregated,7.000000,0.000000,63,63,78,94,360,1000,1900,2000,2000,2000,2000,89,0,63,184.5168539295444,46.000000002095476,2000.0,0.0
1618347019,10,,Aggregated,7.700000,0.000000,63,78,230,250,1000,1200,1900,2000,2000,2000,2000,99,0,63,244.9696969680107,46.000000002095476,2000.0,0.0
1618347020,10,,Aggregated,7.700000,0.000000,63,78,94,250,1000,1200,1200,1900,2000,2000,2000,109,0,63,229.50458715519218,46.000000002095476,2000.0,0.0
1618347021,10,,Aggregated,7.800000,0.000000,63,78,94,230,980,1200,1200,1900,2000,2000,2000,119,0,63,216.29411764633684,46.000000002095476,2000.0,0.0
1618347022,10,,Aggregated,8.100000,0.000000,63,78,94,230,950,1200,1200,1900,2000,2000,2000,122,0,63,212.13114754006756,46.000000002095476,2000.0,0.0
1618347023,10,,Aggregated,8.100000,0.000000,63,78,79,160,950,1200,1200,1900,2000,2000,2000,129,0,63,203.89147286728394,46.000000002095476,2000.0,0.0
1618347024,10,,Aggregated,8.300000,0.000000,63,78,78,94,810,1200,1200,1900,2000,2000,2000,139,0,63,193.72661870367418,46.000000002095476,2000.0,0.0
1618347025,10,,Aggregated,8.400000,0.000000,63,63,78,94,360,1200,1200,1900,2000,2000,2000,149,0,63,184.28187919354798,46.000000002095476,2000.0,0.0
1618347026,10,,Aggregated,8.400000,0.000000,63,63,78,93,280,1200,1200,1900,2000,2000,2000,159,0,63,176.23270440128422,46.000000002095476,2000.0,0.0
1618347027,10,,Aggregated,8.400000,0.000000,63,63,78,78,270,1200,1200,1900,2000,2000,2000,169,0,63,168.85798816436892,46.000000002095476,2000.0,0.0
1618347028,10,,Aggregated,8.400000,0.000000,63,63,78,78,260,1200,1200,1900,2000,2000,2000,179,0,63,163.18435754071578,46.000000002095476,2000.0,0.0
1618347029,10,,Aggregated,8.400000,0.000000,63,63,78,78,250,1000,1200,1900,2000,2000,2000,189,0,63,157.35449735352415,46.000000002095476,2000.0,0.0
1618347030,10,,Aggregated,8.400000,0.000000,62,63,78,78,250,1000,1200,1900,2000,2000,2000,199,0,62,152.11557788860952,46.000000002095476,2000.0,0.0
1618347031,10,,Aggregated,9.200000,0.000000,62,63,78,78,250,1000,1200,1200,2000,2000,2000,209,0,62,147.38277511857228,46.000000002095476,2000.0,0.0
1618347032,10,,Aggregated,10.000000,0.000000,62,63,63,78,250,1000,1200,1200,2000,2000,2000,219,0,62,143.14155251034387,46.000000002095476,2000.0,0.0
1618347033,10,,Aggregated,10.000000,0.000000,62,63,63,78,250,980,1200,1200,2000,2000,2000,229,0,62,141.31877729153223,46.000000002095476,2000.0,0.0
1618347034,10,,Aggregated,9.900000,0.000000,62,63,63,78,240,980,1200,1200,2000,2000,2000,238,0,62,138.73949579717473,46.000000002095476,2000.0,0.0
1618347035,10,,Aggregated,9.200000,0.000000,62,63,63,78,230,950,1200,1200,2000,2000,2000,248,0,62,135.47580645066657,46.000000002095476,2000.0,0.0
1618347036,10,,Aggregated,9.000000,0.000000,62,63,63,78,230,950,1200,1200,2000,2000,2000,258,0,62,132.63565891360514,46.000000002095476,2000.0,0.0
1618347037,10,,Aggregated,9.000000,0.000000,62,63,78,78,230,810,1200,1200,2000,2000,2000,268,0,62,135.57089552146022,46.000000002095476,2000.0,0.0
1618347038,10,,Aggregated,9.000000,0.000000,62,63,78,78,230,810,1200,1200,2000,2000,2000,269,0,62,135.2416356867759,46.000000002095476,2000.0,0.0
1618347039,10,,Aggregated,9.000000,0.000000,62,63,78,78,230,810,1200,1200,2000,2000,2000,279,0,62,133.1362007152436,46.000000002095476,2000.0,0.0
1618347040,10,,Aggregated,9.000000,0.000000,62,63,78,78,220,520,1200,1200,2000,2000,2000,289,0,62,130.7923875419402,32.00000000651926,2000.0,0.0
1618347041,10,,Aggregated,9.000000,0.000000,62,63,78,78,220,520,1200,1200,2000,2000,2000,299,0,62,128.97658862773545,32.00000000651926,2000.0,0.0
1618347042,10,,Aggregated,9.000000,0.000000,62,63,78,78,220,360,1200,1200,2000,2000,2000,309,0,62,126.76375404459539,32.00000000651926,2000.0,0.0
1618347043,10,,Aggregated,9.000000,0.000000,62,63,78,78,220,360,1200,1200,2000,2000,2000,319,0,62,125.03761755436481,32.00000000651926,2000.0,0.0
1618347044,10,,Aggregated,9.100000,0.000000,62,63,78,78,200,330,1200,1200,2000,2000,2000,329,0,62,123.51671732466039,32.00000000651926,2000.0,0.0
1618347045,10,,Aggregated,9.800000,0.000000,62,63,78,78,200,330,1200,1200,2000,2000,2000,339,0,62,121.43952802335637,32.00000000651926,2000.0,0.0
1618347046,10,,Aggregated,9.900000,0.000000,62,63,78,78,190,280,1200,1200,2000,2000,2000,349,0,62,121.1919770773699,32.00000000651926,2000.0,0.0
1618347047,10,,Aggregated,9.000000,0.000000,63,78,78,78,220,390,1200,1200,2000,2000,2000,359,0,63,124.91364902510271,32.00000000651926,2000.0,0.0
1618347048,10,,Aggregated,9.000000,0.000000,63,78,78,78,220,390,1200,1200,2000,2000,2000,359,0,63,124.91364902510271,32.00000000651926,2000.0,0.0
1618347049,10,,Aggregated,9.000000,0.000000,63,78,78,94,250,720,1200,1200,2000,2000,2000,369,0,63,137.77235772346808,32.00000000651926,2000.0,0.0
1618347050,10,,Aggregated,9.000000,0.000000,63,78,78,94,250,720,1200,1200,2000,2000,2000,379,0,63,136.56200527700062,32.00000000651926,2000.0,0.0
1618347051,10,,Aggregated,8.000000,0.000000,63,78,78,94,250,520,1200,1200,2000,2000,2000,389,0,63,134.89974293042906,32.00000000651926,2000.0,0.0
1618347052,10,,Aggregated,8.000000,0.000000,63,78,78,94,250,520,1200,1200,2000,2000,2000,399,0,63,133.83709273193404,32.00000000651926,2000.0,0.0
1618347053,10,,Aggregated,8.000000,0.000000,63,78,78,94,240,500,1200,1200,2000,2000,2000,409,0,63,132.0513447436099,32.00000000651926,2000.0,0.0
1618347054,10,,Aggregated,8.000000,0.000000,63,78,78,94,230,500,1200,1200,2000,2000,2000,419,0,63,130.27684964237653,32.00000000651926,2000.0,0.0
1618347055,10,,Aggregated,8.000000,0.000000,63,78,78,94,230,480,1200,1200,2000,2000,2000,429,0,63,128.77156177194004,32.00000000651926,2000.0,0.0
1618347056,10,,Aggregated,8.100000,0.000000,63,78,78,94,220,480,1200,1200,2000,2000,2000,437,0,63,127.52402746029362,32.00000000651926,2000.0,0.0
1618347057,10,,Aggregated,9.000000,0.000000,63,78,78,94,220,470,1200,1200,2000,2000,2000,442,0,63,126.78506787367506,32.00000000651926,2000.0,0.0
1618347058,10,,Aggregated,9.000000,0.000000,63,78,78,94,220,470,1200,1200,2000,2000,2000,449,0,63,125.6080178177956,32.00000000651926,2000.0,0.0
1618347059,10,,Aggregated,9.000000,0.000000,63,78,78,94,220,470,1000,1200,2000,2000,2000,459,0,63,124.30065359522321,32.00000000651926,2000.0,0.0
1618347060,10,,Aggregated,9.000000,0.000000,63,78,78,93,220,470,1000,1200,2000,2000,2000,469,0,63,123.01918976588486,32.00000000651926,2000.0,0.0
1618347061,10,,Aggregated,9.000000,0.000000,63,78,78,93,200,470,1000,1200,2000,2000,2000,479,0,63,121.72025052235377,32.00000000651926,2000.0,0.0
1618347062,10,,Aggregated,10.000000,0.000000,63,78,78,79,200,470,1000,1200,2000,2000,2000,489,0,63,120.21881390642946,32.00000000651926,2000.0,0.0
1618347063,10,,Aggregated,10.000000,0.000000,63,78,78,79,190,470,1000,1200,2000,2000,2000,499,0,63,119.07214428895882,32.00000000651926,2000.0,0.0
1618347064,10,,Aggregated,9.700000,0.000000,63,63,78,78,160,390,1000,1200,2000,2000,2000,509,0,63,117.86247544255463,32.00000000651926,2000.0,0.0
1618347065,10,,Aggregated,9.300000,0.000000,63,63,78,78,140,390,1000,1200,2000,2000,2000,519,0,63,116.52601156128043,32.00000000651926,2000.0,0.0
1618347066,10,,Aggregated,9.000000,0.000000,63,63,78,78,120,390,1000,1200,2000,2000,2000,529,0,63,115.44990548259923,32.00000000651926,2000.0,0.0
1618347067,10,,Aggregated,9.000000,0.000000,63,63,78,79,220,390,1000,1200,2000,2000,2000,539,0,63,119.39332096524069,32.00000000651926,2000.0,0.0
1618347068,10,,Aggregated,9.000000,0.000000,63,78,78,93,220,390,1000,1200,2000,2000,2000,549,0,63,118.54826958150474,32.00000000651926,2000.0,0.0
1618347069,10,,Aggregated,9.000000,0.000000,63,63,78,79,220,390,980,1200,2000,2000,2000,559,0,63,117.46690518828566,32.00000000651926,2000.0,0.0
1618347070,10,,Aggregated,9.000000,0.000000,63,63,78,79,220,390,980,1200,2000,2000,2000,559,0,63,117.46690518828566,32.00000000651926,2000.0,0.0
1618347071,10,,Aggregated,9.000000,0.000000,63,78,78,93,220,380,980,1200,2000,2000,2000,569,0,63,117.05272407784504,32.00000000651926,2000.0,0.0
1618347072,10,,Aggregated,9.000000,0.000000,63,63,78,93,200,380,980,1200,2000,2000,2000,579,0,63,116.0293609676569,32.00000000651926,2000.0,0.0
1618347073,10,,Aggregated,9.000000,0.000000,63,63,78,79,200,380,980,1200,2000,2000,2000,589,0,63,115.01867572203,32.00000000651926,2000.0,0.0
1618347074,10,,Aggregated,9.300000,0.000000,63,63,78,79,190,380,980,1200,2000,2000,2000,599,0,63,114.1419031723163,32.00000000651926,2000.0,0.0
1618347075,10,,Aggregated,9.700000,0.000000,63,63,78,78,160,380,950,1200,2000,2000,2000,609,0,63,113.2413793106912,32.00000000651926,2000.0,0.0
1618347076,10,,Aggregated,9.300000,0.000000,63,63,78,78,140,380,950,1200,2000,2000,2000,619,0,63,112.3715670439787,32.00000000651926,2000.0,0.0
1618347077,10,,Aggregated,9.100000,0.000000,63,63,78,78,120,360,950,1200,2000,2000,2000,629,0,63,111.4308426076778,32.00000000651926,2000.0,0.0
1618347078,10,,Aggregated,9.000000,0.000000,63,63,78,78,120,360,950,1200,2000,2000,2000,639,0,63,110.5946791866129,32.00000000651926,2000.0,0.0
1618347079,10,,Aggregated,9.000000,0.000000,63,63,78,78,120,360,950,1200,2000,2000,2000,649,0,63,109.82434514684685,32.00000000651926,2000.0,0.0
1618347080,10,,Aggregated,9.000000,0.000000,63,63,78,78,120,360,810,1200,2000,2000,2000,659,0,63,109.08042488661906,32.00000000651926,2000.0,0.0
1618347081,10,,Aggregated,9.000000,0.000000,63,63,78,78,120,360,810,1200,2000,2000,2000,669,0,63,108.33931240700018,32.00000000651926,2000.0,0.0
1618347082,10,,Aggregated,9.000000,0.000000,62,63,78,78,120,360,810,1200,2000,2000,2000,679,0,62,107.5257731962329,32.00000000651926,2000.0,0.0
1618347083,10,,Aggregated,9.000000,0.000000,62,63,78,78,120,340,810,1200,2000,2000,2000,689,0,62,106.77793904243805,32.00000000651926,2000.0,0.0
1618347084,10,,Aggregated,9.000000,0.000000,62,63,78,78,120,340,810,1200,2000,2000,2000,699,0,62,106.10300429217492,32.00000000651926,2000.0,0.0
1618347085,10,,Aggregated,9.000000,0.000000,62,63,78,78,120,330,730,1200,2000,2000,2000,709,0,62,105.30606488049804,32.00000000651926,2000.0,0.0
1618347086,10,,Aggregated,9.700000,0.000000,62,63,78,78,110,330,730,1200,2000,2000,2000,719,0,62,104.605006954441,32.00000000651926,2000.0,0.0
1618347087,10,,Aggregated,9.700000,0.000000,62,63,78,78,110,330,730,1200,2000,2000,2000,719,0,62,104.605006954441,32.00000000651926,2000.0,0.0
1618347088,10,,Aggregated,9.700000,0.000000,62,63,78,78,110,330,730,1200,2000,2000,2000,719,0,62,104.605006954441,32.00000000651926,2000.0,0.0
1618347089,10,,Aggregated,9.700000,0.000000,62,63,78,78,110,330,730,1200,2000,2000,2000,719,0,62,104.605006954441,32.00000000651926,2000.0,0.0
1618347090,10,,Aggregated,9.700000,0.000000,62,63,78,78,110,330,730,1200,2000,2000,2000,719,0,62,104.605006954441,32.00000000651926,2000.0,0.0
1618347091,10,,Aggregated,9.700000,0.000000,62,63,78,78,110,330,730,1200,2000,2000,2000,719,0,62,104.605006954441,32.00000000651926,2000.0,0.0
1618347092,10,,Aggregated,7.000000,0.000000,62,63,78,78,120,390,1200,4900,5000,5000,5000,729,5,62,170.7037037041419,32.00000000651926,5016.00000000326,0.0
1618347093,10,,Aggregated,6.000000,0.000000,62,63,78,78,120,390,1200,4900,5000,5000,5000,739,5,62,169.0717185389834,32.00000000651926,5016.00000000326,0.0
1618347094,10,,Aggregated,5.000000,0.000000,62,63,78,78,120,390,1200,4900,5000,5000,5000,749,5,62,167.60347129545332,32.00000000651926,5016.00000000326,0.0
1618347095,10,,Aggregated,5.000000,0.500000,62,63,78,78,120,390,1200,4900,5000,5000,5000,759,5,62,166.180500659137,32.00000000651926,5016.00000000326,0.0
1618347096,10,,Aggregated,5.000000,0.500000,62,63,78,78,120,380,1200,4900,5000,5000,5000,763,5,62,165.55570117988273,32.00000000651926,5016.00000000326,0.0
1618347097,10,,Aggregated,5.000000,0.500000,62,63,78,78,120,380,1200,4900,5000,5000,5000,769,5,62,164.73472041644246,32.00000000651926,5016.00000000326,0.0
1618347098,10,,Aggregated,5.000000,0.500000,62,63,78,78,120,380,1200,4900,5000,5000,5000,779,5,62,163.30038510957573,32.00000000651926,5016.00000000326,0.0
1618347099,10,,Aggregated,5.000000,0.500000,62,63,78,78,120,380,1200,4900,5000,5000,5000,789,5,62,161.96704689526626,32.00000000651926,5016.00000000326,0.0
1618347101,10,,Aggregated,5.200000,0.500000,62,63,78,78,120,380,1200,4900,5000,5000,5000,799,5,62,160.66082603299876,32.00000000651926,5016.00000000326,0.0
1618347102,10,,Aggregated,6.000000,0.500000,62,63,78,78,120,380,1200,4900,5000,5000,5000,809,5,62,159.3893695925161,32.00000000651926,5016.00000000326,0.0
1618347103,10,,Aggregated,7.000000,0.500000,62,63,78,78,110,380,1200,4900,5000,5000,5000,819,5,62,158.14774114815108,32.00000000651926,5016.00000000326,0.0
1618347104,10,,Aggregated,8.000000,0.500000,62,63,78,78,110,360,1200,4900,5000,5000,5000,829,5,62,156.97587454807103,32.00000000651926,5016.00000000326,0.0
1618347105,10,,Aggregated,9.000000,0.500000,62,63,78,78,110,360,1200,4900,5000,5000,5000,839,5,62,155.72109654387882,32.00000000651926,5016.00000000326,0.0
1618347106,10,,Aggregated,9.000000,0.000000,62,63,78,78,110,360,1200,4900,5000,5000,5000,849,5,62,154.70789163760776,32.00000000651926,5016.00000000326,0.0
1618347107,10,,Aggregated,9.000000,0.000000,62,63,78,78,110,360,1200,4900,5000,5000,5000,859,5,62,153.76251455217115,32.00000000651926,5016.00000000326,0.0
1618347108,10,,Aggregated,9.000000,0.000000,62,63,78,78,110,360,1200,4900,5000,5000,5000,869,5,62,152.7479861914065,32.00000000651926,5016.00000000326,0.0
1618347109,10,,Aggregated,9.000000,0.000000,62,63,78,78,110,360,1200,4900,5000,5000,5000,879,5,62,151.65073947711616,32.00000000651926,5016.00000000326,0.0
1618347110,10,,Aggregated,9.000000,0.000000,62,63,78,78,110,340,1200,4900,5000,5000,5000,889,5,62,150.84251968548355,32.00000000651926,5016.00000000326,0.0
1618347111,10,,Aggregated,9.800000,0.000000,62,63,78,78,110,340,1200,4900,5000,5000,5000,899,5,62,149.87875417176477,32.00000000651926,5016.00000000326,0.0
1618347112,10,,Aggregated,10.000000,0.000000,62,63,78,78,110,330,1200,4900,5000,5000,5000,909,5,62,148.8305830588304,32.00000000651926,5016.00000000326,0.0
1618347113,10,,Aggregated,10.000000,0.000000,62,63,78,78,110,330,1200,4900,5000,5000,5000,919,5,62,147.82045701907805,32.00000000651926,5016.00000000326,0.0
1618347114,10,,Aggregated,10.000000,0.000000,62,63,78,78,110,330,1200,4900,5000,5000,5000,922,5,62,147.49240780972352,32.00000000651926,5016.00000000326,0.0
1618347115,10,,Aggregated,9.900000,0.000000,62,63,78,78,110,330,1200,4900,5000,5000,5000,932,5,62,146.54828326244137,32.00000000651926,5016.00000000326,0.0
1618347116,10,,Aggregated,9.300000,0.000000,62,63,78,78,94,330,1200,4900,5000,5000,5000,942,5,62,145.60721868431247,32.00000000651926,5016.00000000326,0.0
1618347117,10,,Aggregated,9.300000,0.000000,62,63,78,78,94,330,1000,4900,5000,5000,5000,952,5,62,144.66596638726705,32.00000000651926,5016.00000000326,0.0
1618347118,10,,Aggregated,9.300000,0.000000,62,63,78,78,94,330,1000,4900,5000,5000,5000,959,5,62,144.03649635105666,32.00000000651926,5016.00000000326,0.0
1618347119,10,,Aggregated,9.000000,0.000000,62,63,63,78,94,330,1000,4900,5000,5000,5000,969,5,62,143.15789473756413,32.00000000651926,5016.00000000326,0.0
1618347120,10,,Aggregated,9.000000,0.000000,62,63,63,78,94,330,1000,4900,5000,5000,5000,979,5,62,142.28804903032363,32.00000000651926,5016.00000000326,0.0
1618347121,10,,Aggregated,9.000000,0.000000,62,63,63,78,94,300,1000,4900,5000,5000,5000,989,5,62,141.41658240718192,32.00000000651926,5016.00000000326,0.0
1618347122,10,,Aggregated,9.000000,0.000000,62,63,63,78,94,300,1000,4900,5000,5000,5000,999,5,62,140.62462462537883,32.00000000651926,5016.00000000326,0.0
1618347123,10,,Aggregated,9.000000,0.000000,62,63,63,78,94,280,1000,2000,5000,5000,5000,1002,5,62,140.34431137797165,32.00000000651926,5016.00000000326,0.0
1618347124,10,,Aggregated,9.000000,0.000000,62,63,63,78,94,280,1000,2000,5000,5000,5000,1002,5,62,140.34431137797165,32.00000000651926,5016.00000000326,0.0
1618347125,10,,Aggregated,9.000000,0.000000,62,63,63,78,94,280,1000,2000,5000,5000,5000,1002,5,62,140.34431137797165,32.00000000651926,5016.00000000326,0.0
1618347126,10,,Aggregated,9.000000,0.000000,62,63,63,78,94,280,1000,2000,5000,5000,5000,1002,5,62,140.34431137797165,32.00000000651926,5016.00000000326,0.0
1618347127,10,,Aggregated,9.000000,0.000000,62,63,63,78,94,280,1000,2000,5000,5000,5000,1002,5,62,140.34431137797165,32.00000000651926,5016.00000000326,0.0
1618347128,10,,Aggregated,7.000000,0.000000,62,63,78,78,110,360,1900,4900,5000,5000,5000,1011,8,62,180.80712166238524,32.00000000651926,5016.00000000326,0.0
1618347129,10,,Aggregated,6.300000,0.000000,62,63,63,78,110,360,2000,4900,5000,5900,5900,1021,9,62,185.37218413384355,32.00000000651926,5921.999999991385,0.0
1618347130,10,,Aggregated,5.300000,0.000000,62,63,78,78,110,360,2000,4900,5000,5900,5900,1031,9,62,184.44131910815614,32.00000000651926,5921.999999991385,0.0
1618347131,10,,Aggregated,5.200000,0.300000,62,63,78,78,110,360,2000,4900,5000,5900,5900,1041,9,62,183.25456292075475,32.00000000651926,5921.999999991385,0.0
1618347132,10,,Aggregated,5.200000,0.400000,62,63,78,78,110,360,1900,4900,5000,5900,5900,1051,9,62,182.04376784068657,32.00000000651926,5921.999999991385,0.0
1618347133,10,,Aggregated,5.200000,0.400000,62,63,63,78,110,360,1900,4900,5000,5900,5900,1061,9,62,180.90574929360554,32.00000000651926,5921.999999991385,0.0
1618347134,10,,Aggregated,5.200000,0.400000,62,63,63,78,94,360,1900,4900,5000,5900,5900,1071,9,62,179.72362278295958,32.00000000651926,5921.999999991385,0.0
1618347135,10,,Aggregated,5.900000,0.400000,62,63,63,78,94,340,1900,4900,5000,5900,5900,1081,9,62,178.58371877936526,32.00000000651926,5921.999999991385,0.0
1618347136,10,,Aggregated,6.200000,0.400000,62,63,63,78,94,340,1900,4900,5000,5900,5900,1091,9,62,177.54995417088125,32.00000000651926,5921.999999991385,0.0
1618347137,10,,Aggregated,7.000000,0.400000,62,63,63,78,94,330,1200,4900,5000,5900,5900,1101,9,62,176.4741144418487,32.00000000651926,5921.999999991385,0.0
1618347138,10,,Aggregated,8.000000,0.400000,62,63,63,78,94,330,1200,4900,5000,5900,5900,1111,9,62,175.38073807419863,32.00000000651926,5921.999999991385,0.0
1618347139,10,,Aggregated,8.900000,0.400000,62,63,63,78,94,330,1200,4900,5000,5900,5900,1118,9,62,174.61717352452263,32.00000000651926,5921.999999991385,0.0
1618347140,10,,Aggregated,9.000000,0.100000,62,63,63,78,94,330,1200,4900,5000,5900,5900,1122,9,62,174.21836007166274,32.00000000651926,5921.999999991385,0.0
1618347141,10,,Aggregated,9.000000,0.000000,62,63,63,78,94,330,1200,4900,5000,5900,5900,1132,9,62,173.1342756187709,32.00000000651926,5921.999999991385,0.0
1618347142,10,,Aggregated,9.000000,0.000000,62,63,63,78,94,330,1200,4900,5000,5900,5900,1142,9,62,172.09719789880916,32.00000000651926,5921.999999991385,0.0
1618347143,10,,Aggregated,9.000000,0.000000,62,63,63,78,94,330,1200,4900,5000,5900,5900,1152,9,62,171.02256944480763,32.00000000651926,5921.999999991385,0.0
1618347144,10,,Aggregated,9.000000,0.000000,62,63,63,78,94,330,1200,4900,5000,5900,5900,1161,9,62,170.14384151627004,32.00000000651926,5921.999999991385,0.0
1618347145,10,,Aggregated,9.000000,0.000000,62,63,63,78,94,330,1200,4900,5000,5900,5900,1171,9,62,169.32963279278627,32.00000000651926,5921.999999991385,0.0
1618347146,10,,Aggregated,9.000000,0.000000,62,63,63,78,94,300,1200,4900,5000,5900,5900,1181,9,62,168.37256562267274,32.00000000651926,5921.999999991385,0.0
1618347147,10,,Aggregated,9.700000,0.000000,62,63,63,78,94,300,1200,4900,5000,5900,5900,1191,9,62,167.43157010943915,32.00000000651926,5921.999999991385,0.0
1618347148,10,,Aggregated,9.900000,0.000000,62,63,63,78,94,280,1200,4900,5000,5900,5900,1201,9,62,166.4388009994188,32.00000000651926,5921.999999991385,0.0
1618347149,10,,Aggregated,9.900000,0.000000,62,63,63,78,94,280,1200,4900,5000,5900,5900,1211,9,62,165.54252683754814,32.00000000651926,5921.999999991385,0.0
1618347150,10,,Aggregated,10.000000,0.000000,62,63,63,78,94,280,1200,4900,5000,5900,5900,1221,9,62,164.63472563501185,32.00000000651926,5921.999999991385,0.0
1618347151,10,,Aggregated,10.000000,0.000000,62,63,63,78,94,280,1200,4900,5000,5900,5900,1231,9,62,163.70430544305196,32.00000000651926,5921.999999991385,0.0
1618347152,10,,Aggregated,9.800000,0.000000,62,63,63,78,94,280,1200,4900,5000,5900,5900,1241,9,62,162.87429492373644,32.00000000651926,5921.999999991385,0.0
1618347153,10,,Aggregated,9.300000,0.000000,62,63,63,78,94,280,1200,4900,5000,5900,5900,1251,9,62,161.9720223824029,32.00000000651926,5921.999999991385,0.0
1618347154,10,,Aggregated,9.200000,0.000000,62,63,63,78,94,270,1200,4900,5000,5900,5900,1261,9,62,161.15939730405734,32.00000000651926,5921.999999991385,0.0
1618347155,10,,Aggregated,9.100000,0.000000,62,63,63,78,94,270,1200,4900,5000,5900,5900,1271,9,62,160.27222659362735,32.00000000651926,5921.999999991385,0.0
1618347156,10,,Aggregated,9.100000,0.000000,62,63,63,78,94,270,1200,4900,5000,5900,5900,1281,9,62,159.52224824396723,32.00000000651926,5921.999999991385,0.0
1618347157,10,,Aggregated,9.100000,0.000000,62,63,63,78,94,270,1200,4900,5000,5900,5900,1283,9,62,159.54169914305058,32.00000000651926,5921.999999991385,0.0
1618347158,10,,Aggregated,9.000000,0.000000,62,63,63,78,94,270,1200,4900,5000,5900,5900,1292,9,62,159.57972136260898,32.00000000651926,5921.999999991385,0.0
1618347159,10,,Aggregated,9.000000,0.000000,62,63,63,78,94,270,1200,4900,5000,5900,5900,1302,9,62,158.72427035371587,32.00000000651926,5921.999999991385,0.0
1618347160,10,,Aggregated,9.000000,0.000000,62,63,63,78,94,270,1200,4900,5000,5900,5900,1312,9,62,157.95503048822155,32.00000000651926,5921.999999991385,0.0
1618347161,10,,Aggregated,9.000000,0.000000,62,63,63,78,94,260,1200,4900,5000,5900,5900,1322,9,62,157.19667170995916,32.00000000651926,5921.999999991385,0.0
1618347162,10,,Aggregated,9.200000,0.000000,62,63,63,78,94,260,1200,4900,5000,5900,5900,1332,9,62,156.4399399403965,32.00000000651926,5921.999999991385,0.0
1618347163,10,,Aggregated,9.700000,0.000000,62,63,63,78,94,250,1200,4900,5000,5900,5900,1342,9,62,155.72652757125655,32.00000000651926,5921.999999991385,0.0
1618347164,10,,Aggregated,9.800000,0.000000,62,63,63,78,94,250,1200,4900,5000,5900,5900,1352,9,62,154.99112426083585,32.00000000651926,5921.999999991385,0.0
1618347165,10,,Aggregated,9.900000,0.000000,62,63,63,78,94,250,1200,4900,5000,5900,5900,1362,9,62,154.23054331918718,32.00000000651926,5921.999999991385,0.0
1618347166,10,,Aggregated,9.900000,0.000000,62,63,63,78,94,250,1200,4900,5000,5900,5900,1371,9,62,153.5499635307739,32.00000000651926,5921.999999991385,0.0
1618347167,10,,Aggregated,9.500000,0.000000,62,63,63,78,94,250,1200,4900,5000,5900,5900,1381,9,62,152.83417813226163,32.00000000651926,5921.999999991385,0.0
1618347168,10,,Aggregated,9.400000,0.000000,62,63,63,78,94,250,1200,4900,5000,5900,5900,1391,9,62,152.11790079127235,32.00000000651926,5921.999999991385,0.0
1618347169,10,,Aggregated,9.300000,0.000000,62,63,63,78,94,250,1200,4900,5000,5900,5900,1401,9,62,151.41184868001105,32.00000000651926,5921.999999991385,0.0
1618347170,10,,Aggregated,9.100000,0.000000,62,63,63,78,94,250,1200,4900,5000,5900,5900,1411,9,62,150.73635719398408,32.00000000651926,5921.999999991385,0.0
1618347171,10,,Aggregated,9.100000,0.000000,62,63,63,78,94,250,1200,4900,5000,5900,5900,1421,9,62,150.09500351912237,32.00000000651926,5921.999999991385,0.0
1618347172,10,,Aggregated,9.100000,0.000000,62,63,63,78,94,250,1200,4900,5000,5900,5900,1431,9,62,149.4947589102776,32.00000000651926,5921.999999991385,0.0
1618347173,10,,Aggregated,9.100000,0.000000,62,63,63,78,94,250,1200,4900,5000,5900,5900,1439,9,62,148.9457956918459,32.00000000651926,5921.999999991385,0.0
1618347174,10,,Aggregated,9.100000,0.000000,62,63,63,78,94,240,1200,4900,5000,5900,5900,1447,9,62,148.46786454773064,32.00000000651926,5921.999999991385,0.0
1618347175,10,,Aggregated,9.100000,0.000000,62,63,63,78,94,240,1000,4900,5000,5900,5900,1457,9,62,147.8133150312459,32.00000000651926,5921.999999991385,0.0
1618347176,10,,Aggregated,9.100000,0.000000,62,63,63,78,94,230,1000,4900,5000,5900,5900,1465,9,62,147.33720136549698,32.00000000651926,5921.999999991385,0.0
1618347177,10,,Aggregated,9.400000,0.000000,62,63,63,78,94,230,1000,4900,5000,5900,5900,1472,9,62,146.96467391337612,32.00000000651926,5921.999999991385,0.0
1618347178,10,,Aggregated,9.600000,0.000000,62,63,63,78,94,230,1000,4900,5000,5900,5900,1482,9,62,146.3421052635021,32.00000000651926,5921.999999991385,0.0
1618347179,10,,Aggregated,9.700000,0.000000,62,63,63,78,94,230,1000,4900,5000,5900,5900,1492,9,62,145.74865951775445,32.00000000651926,5921.999999991385,0.0
1618347180,10,,Aggregated,9.900000,0.000000,62,63,63,78,94,220,1000,4900,5000,5900,5900,1502,9,62,145.13382157155442,32.00000000651926,5921.999999991385,0.0
1618347181,10,,Aggregated,9.800000,0.000000,62,63,63,78,94,220,1000,4900,5000,5900,5900,1512,9,62,144.50264550296149,32.00000000651926,5921.999999991385,0.0
1618347182,10,,Aggregated,9.700000,0.000000,62,63,63,78,94,220,1000,4900,5000,5900,5900,1522,9,62,143.93429697796645,32.00000000651926,5921.999999991385,0.0
1618347183,10,,Aggregated,9.500000,0.000000,62,63,63,78,94,220,1000,4900,5000,5900,5900,1532,9,62,143.33028720656694,32.00000000651926,5921.999999991385,0.0
1618347184,10,,Aggregated,9.500000,0.000000,62,63,63,78,94,220,1000,4900,5000,5900,5900,1542,9,62,142.76523994844032,32.00000000651926,5921.999999991385,0.0
1618347185,10,,Aggregated,9.400000,0.000000,62,63,63,78,94,220,1000,4900,5000,5900,5900,1543,9,62,142.71354504244306,32.00000000651926,5921.999999991385,0.0
1618347186,10,,Aggregated,9.400000,0.000000,62,63,63,78,94,220,1000,4900,5000,5900,5900,1543,9,62,142.71354504244306,32.00000000651926,5921.999999991385,0.0
1618347187,10,,Aggregated,9.400000,0.000000,62,63,63,78,94,220,1000,4900,5000,5900,5900,1543,9,62,142.71354504244306,32.00000000651926,5921.999999991385,0.0
1618347188,10,,Aggregated,8.200000,0.000000,62,63,63,78,94,250,1900,4900,5000,5900,5900,1553,10,62,160.30006439189148,32.00000000651926,5921.999999991385,0.0
1618347189,10,,Aggregated,7.200000,0.000000,62,63,63,78,94,250,1900,4900,5000,5900,5900,1563,10,62,159.7939859248776,32.00000000651926,5921.999999991385,0.0
1618347190,10,,Aggregated,7.200000,0.000000,62,63,63,78,94,250,1900,4900,5000,5900,5900,1563,10,62,159.7939859248776,32.00000000651926,5921.999999991385,0.0
1618347191,10,,Aggregated,7.200000,0.000000,62,63,63,78,94,250,1900,4900,5000,5900,5900,1563,10,62,159.7939859248776,32.00000000651926,5921.999999991385,0.0
1618347192,10,,Aggregated,7.200000,0.000000,62,63,63,78,94,250,1900,4900,5000,5900,5900,1563,10,62,159.7939859248776,32.00000000651926,5921.999999991385,0.0
1618347193,10,,Aggregated,5.600000,0.100000,62,63,63,78,94,330,2800,4900,5000,5900,5900,1573,10,62,176.8887476163066,32.00000000651926,5921.999999991385,0.0
1618347194,10,,Aggregated,5.600000,0.100000,62,63,63,78,94,330,2800,4900,5000,5900,5900,1573,10,62,176.8887476163066,32.00000000651926,5921.999999991385,0.0
1618347195,10,,Aggregated,5.600000,0.100000,62,63,63,78,94,330,2800,4900,5000,5900,5900,1573,10,62,176.8887476163066,32.00000000651926,5921.999999991385,0.0
1618347196,10,,Aggregated,4.000000,0.100000,62,63,63,78,94,380,2800,4900,5000,5900,5900,1582,12,62,188.03792667544127,32.00000000651926,5921.999999991385,0.0
1618347197,10,,Aggregated,3.100000,0.100000,62,63,63,78,94,380,2800,4900,5000,5900,5900,1592,13,62,189.50753768880548,32.00000000651926,5921.999999991385,0.0
1618347198,10,,Aggregated,3.000000,0.100000,62,63,63,78,94,380,2800,4900,5000,5900,5900,1602,13,62,188.7727840203865,32.00000000651926,5921.999999991385,0.0
1618347199,10,,Aggregated,3.900000,0.300000,62,63,63,78,94,380,2800,4900,5000,5900,5900,1612,13,62,188.02729528577868,32.00000000651926,5921.999999991385,0.0
1618347200,10,,Aggregated,4.900000,0.400000,62,63,63,78,94,360,2800,4900,5000,5900,5900,1622,13,62,187.2515413074824,32.00000000651926,5921.999999991385,0.0
1618347201,10,,Aggregated,4.900000,0.300000,62,63,63,78,94,360,2800,4900,5000,5900,5900,1632,13,62,186.5147058827942,32.00000000651926,5921.999999991385,0.0
1618347202,10,,Aggregated,4.900000,0.300000,62,63,63,78,94,360,2800,4900,5000,5900,5900,1642,13,62,185.86540803946804,30.999999988125637,5921.999999991385,0.0
1618347203,10,,Aggregated,5.900000,0.300000,62,63,63,78,94,360,2800,4900,5000,5900,5900,1645,13,62,185.6303951372697,30.999999988125637,5921.999999991385,0.0
1618347204,10,,Aggregated,6.900000,0.300000,62,63,63,78,94,360,2800,4900,5000,5900,5900,1654,13,62,184.97097944423624,30.999999988125637,5921.999999991385,0.0
1618347205,10,,Aggregated,7.900000,0.300000,62,63,63,78,94,360,2800,4900,5000,5900,5900,1664,13,62,184.3575721158966,30.999999988125637,5921.999999991385,0.0
1618347206,10,,Aggregated,7.900000,0.300000,62,63,63,78,94,360,2800,4900,5000,5900,5900,1674,13,62,183.65710872211764,30.999999988125637,5921.999999991385,0.0
1618347207,10,,Aggregated,8.200000,0.300000,62,63,63,78,94,340,2800,4900,5000,5900,5900,1684,13,62,182.90201900286652,30.999999988125637,5921.999999991385,0.0
1618347208,10,,Aggregated,9.200000,0.300000,62,63,63,78,94,340,2800,4900,5000,5900,5900,1692,13,62,182.32269503598872,30.999999988125637,5921.999999991385,0.0
1618347209,10,,Aggregated,9.200000,0.100000,62,63,63,78,94,330,2800,4200,5000,5900,5900,1702,13,62,181.58166862572594,30.999999988125637,5921.999999991385,0.0
1618347210,10,,Aggregated,9.200000,0.000000,62,63,63,78,94,330,2800,4200,5000,5900,5900,1712,13,62,180.87558411271883,30.999999988125637,5921.999999991385,0.0
1618347211,10,,Aggregated,9.200000,0.000000,62,63,63,78,94,330,2800,4200,5000,5900,5900,1722,13,62,180.10627177756757,30.999999988125637,5921.999999991385,0.0
1618347212,10,,Aggregated,9.100000,0.000000,62,63,63,78,94,330,2800,4200,5000,5900,5900,1732,13,62,179.3741339497165,30.999999988125637,5921.999999991385,0.0
1618347213,10,,Aggregated,9.000000,0.000000,62,63,63,78,94,330,2800,4200,5000,5900,5900,1742,13,62,178.67623421405767,30.999999988125637,5921.999999991385,0.0
1618347214,10,,Aggregated,9.000000,0.000000,62,63,63,78,94,330,2800,4200,5000,5900,5900,1752,13,62,177.9423515986413,30.999999988125637,5921.999999991385,0.0
1618347215,10,,Aggregated,9.000000,0.000000,62,63,63,78,94,330,2800,4200,5000,5900,5900,1762,13,62,177.2508513058091,30.999999988125637,5921.999999991385,0.0
1618347216,10,,Aggregated,9.000000,0.000000,62,63,63,78,94,330,2800,4200,5000,5900,5900,1772,13,62,176.54232505686792,30.999999988125637,5921.999999991385,0.0
1618347217,10,,Aggregated,9.700000,0.000000,62,63,63,78,94,300,2800,4200,5000,5900,5900,1782,13,62,176.1200897872247,30.999999988125637,5921.999999991385,0.0
1618347219,10,,Aggregated,9.700000,0.000000,62,63,63,78,94,300,2800,4200,5000,5900,5900,1792,13,62,175.44419642901434,30.999999988125637,5921.999999991385,0.0
1618347220,10,,Aggregated,9.800000,0.000000,62,63,63,78,94,300,2800,4200,5000,5900,5900,1800,13,62,174.9155555560234,30.999999988125637,5921.999999991385,0.0
1618347221,10,,Aggregated,9.800000,0.000000,62,63,63,78,94,280,2800,4200,5000,5900,5900,1806,13,62,174.515503876446,30.999999988125637,5921.999999991385,0.0
1618347222,10,,Aggregated,9.800000,0.000000,62,63,63,78,94,280,2800,4200,5000,5900,5900,1816,13,62,173.85517621197735,30.999999988125637,5921.999999991385,0.0
1618347223,10,,Aggregated,9.700000,0.000000,62,63,63,78,94,330,2800,4200,5000,5900,5900,1826,13,62,174.9052573937553,30.999999988125637,5921.999999991385,0.0
1618347224,10,,Aggregated,9.400000,0.000000,62,63,63,78,94,330,2800,4200,5000,5900,5900,1836,13,62,174.24237472818385,30.999999988125637,5921.999999991385,0.0
1618347225,10,,Aggregated,9.400000,0.000000,62,63,63,78,94,330,2800,4200,5000,5900,5900,1845,13,62,173.6639566400573,30.999999988125637,5921.999999991385,0.0
1618347226,10,,Aggregated,9.300000,0.000000,62,63,63,78,94,330,2800,4200,5000,5900,5900,1854,13,62,173.1245954697256,30.999999988125637,5921.999999991385,0.0
1618347227,10,,Aggregated,9.300000,0.000000,62,63,63,78,94,330,2800,4200,5000,5900,5900,1862,13,62,172.63211600479212,30.999999988125637,5921.999999991385,0.0
1618347228,10,,Aggregated,9.300000,0.000000,62,63,63,78,94,330,2800,4200,5000,5900,5900,1862,13,62,172.63211600479212,30.999999988125637,5921.999999991385,0.0
1618347229,10,,Aggregated,9.300000,0.000000,62,63,63,78,94,330,2800,4200,5000,5900,5900,1862,13,62,172.63211600479212,30.999999988125637,5921.999999991385,0.0
1618347230,10,,Aggregated,9.300000,0.000000,62,63,63,78,94,330,2800,4200,5000,5900,5900,1862,13,62,172.63211600479212,30.999999988125637,5921.999999991385,0.0
1618347231,10,,Aggregated,8.000000,0.000000,62,63,63,78,94,380,2800,4200,5000,5900,5900,1870,15,62,183.81711230000087,30.999999988125637,5921.999999991385,0.0
1618347232,10,,Aggregated,7.000000,0.000000,62,63,63,78,94,390,2800,4200,5000,5900,5900,1880,17,62,187.2111702132896,30.999999988125637,5921.999999991385,0.0
1618347233,10,,Aggregated,6.200000,0.000000,62,63,63,78,94,380,2800,4200,5000,5900,5900,1890,17,62,186.5084656089835,30.999999988125637,5921.999999991385,0.0
1618347234,10,,Aggregated,6.400000,0.200000,62,63,63,78,94,380,2800,4200,5000,5900,5900,1900,17,62,185.79736842158079,30.999999988125637,5921.999999991385,0.0
1618347235,10,,Aggregated,6.400000,0.400000,62,63,63,78,94,380,2800,4200,5000,5900,5900,1910,17,62,185.15287958165078,30.999999988125637,5921.999999991385,0.0
1618347236,10,,Aggregated,6.400000,0.400000,62,63,63,78,94,380,2800,4200,5000,5900,5900,1920,17,62,184.48906250049126,30.999999988125637,5921.999999991385,0.0
1618347237,10,,Aggregated,6.500000,0.400000,62,63,63,78,94,380,2800,4200,5000,5900,5900,1930,17,62,183.8409326429819,30.999999988125637,5921.999999991385,0.0
1618347238,10,,Aggregated,6.700000,0.400000,62,63,63,78,94,380,2800,4200,5000,5900,5900,1940,17,62,183.2159793819451,30.999999988125637,5921.999999991385,0.0
1618347239,10,,Aggregated,6.800000,0.400000,62,63,63,78,94,360,2800,4200,5000,5900,5900,1950,17,62,182.51743589789092,30.999999988125637,5921.999999991385,0.0
1618347240,10,,Aggregated,7.800000,0.400000,62,63,63,78,94,360,2800,4200,5000,5900,5900,1960,17,62,181.91122449027216,30.999999988125637,5921.999999991385,0.0
1618347241,10,,Aggregated,8.800000,0.400000,62,63,63,78,94,360,2800,4200,5000,5900,5900,1970,17,62,181.27411167559256,30.999999988125637,5921.999999991385,0.0
1618347242,10,,Aggregated,9.600000,0.400000,62,63,63,78,94,360,2800,4200,5000,5900,5900,1980,17,62,180.64898989945908,30.999999988125637,5921.999999991385,0.0
1618347243,10,,Aggregated,9.600000,0.200000,62,63,63,78,94,360,2800,4200,5000,5900,5900,1989,17,62,180.13826043285275,30.999999988125637,5921.999999991385,0.0
1618347244,10,,Aggregated,9.000000,0.000000,62,63,63,78,94,360,2800,4200,5000,5900,5900,1998,17,62,179.56206206250604,30.999999988125637,5921.999999991385,0.0
1618347245,10,,Aggregated,9.000000,0.000000,62,63,63,78,94,340,2800,4100,5000,5900,5900,2003,17,62,179.23864203737293,30.999999988125637,5921.999999991385,0.0
1618347246,10,,Aggregated,9.000000,0.000000,62,63,63,78,94,340,2800,4100,5000,5900,5900,2010,17,62,178.81592039843622,30.999999988125637,5921.999999991385,0.0
1618347247,10,,Aggregated,9.000000,0.000000,62,63,63,78,94,340,2800,4100,5000,5900,5900,2020,17,62,178.20841584200187,30.999999988125637,5921.999999991385,0.0
1618347248,10,,Aggregated,9.000000,0.000000,62,63,63,78,94,340,2800,4100,5000,5900,5900,2020,17,62,178.20841584200187,30.999999988125637,5921.999999991385,0.0
1618347249,10,,Aggregated,9.000000,0.000000,62,63,63,78,94,340,2800,4100,5000,5900,5900,2020,17,62,178.20841584200187,30.999999988125637,5921.999999991385,0.0
1618347250,10,,Aggregated,9.000000,0.000000,62,63,63,78,94,390,2800,4100,5000,5900,5900,2028,19,62,186.51232741656253,30.999999988125637,5921.999999991385,0.0
1618347251,10,,Aggregated,8.000000,0.000000,62,63,63,78,94,390,2800,4100,5000,5900,5900,2037,20,62,187.58517427628385,30.999999988125637,5921.999999991385,0.0
1618347252,10,,Aggregated,7.000000,0.000000,62,63,63,78,94,390,2800,4200,5000,5900,5900,2047,21,62,189.05617977568946,30.999999988125637,5921.999999991385,0.0
1618347253,10,,Aggregated,7.000000,0.200000,62,63,63,78,94,390,2800,4200,5000,5900,5900,2057,21,62,188.433641225499,30.999999988125637,5921.999999991385,0.0
1618347254,10,,Aggregated,7.100000,0.300000,62,63,63,78,94,390,2800,4200,5000,5900,5900,2067,21,62,187.80890179045673,30.999999988125637,5921.999999991385,0.0
1618347255,10,,Aggregated,7.700000,0.400000,62,63,63,78,94,390,2800,4200,5000,5900,5900,2077,21,62,187.24265767976132,30.999999988125637,5921.999999991385,0.0
1618347256,10,,Aggregated,7.700000,0.400000,62,63,63,78,94,380,2800,4200,5000,5900,5900,2087,21,62,186.61427886963995,30.999999988125637,5921.999999991385,0.0
1618347257,10,,Aggregated,7.500000,0.400000,62,63,63,78,94,380,2800,4200,5000,5900,5900,2097,21,62,185.99141630950098,30.999999988125637,5921.999999991385,0.0
1618347258,10,,Aggregated,7.100000,0.400000,62,63,63,78,94,380,2800,4100,5000,5900,5900,2107,21,62,185.37494067442358,30.999999988125637,5921.999999991385,0.0
1618347259,10,,Aggregated,6.900000,0.400000,62,63,63,78,94,380,2800,4100,5000,5900,5900,2117,21,62,184.78129428483243,30.999999988125637,5921.999999991385,0.0
1618347260,10,,Aggregated,7.900000,0.400000,62,63,63,78,94,380,2800,4100,5000,5900,5900,2127,21,62,184.15467795065035,30.999999988125637,5921.999999991385,0.0
1618347261,10,,Aggregated,8.700000,0.400000,62,63,63,78,94,380,2800,4100,5000,5900,5900,2131,21,62,183.9042702961248,30.999999988125637,5921.999999991385,0.0
1618347262,10,,Aggregated,8.900000,0.200000,62,63,63,78,94,380,2800,4100,5000,5900,5900,2139,21,62,183.4357176255511,30.999999988125637,5921.999999991385,0.0
1618347263,10,,Aggregated,9.000000,0.100000,62,63,63,78,94,360,2800,4100,5000,5900,5900,2149,21,62,182.84504420711272,30.999999988125637,5921.999999991385,0.0
1618347264,10,,Aggregated,9.000000,0.100000,62,63,63,78,94,360,2800,4100,5000,5900,5900,2157,21,62,182.3402874367891,30.999999988125637,5921.999999991385,0.0
1618347265,10,,Aggregated,9.000000,0.000000,62,63,63,78,94,360,2800,4100,5000,5900,5900,2167,21,62,181.74388555660886,30.999999988125637,5921.999999991385,0.0
1618347266,10,,Aggregated,9.000000,0.000000,62,63,63,78,94,360,2800,4100,5000,5900,5900,2177,21,62,181.18098300470086,30.999999988125637,5921.999999991385,0.0
1618347267,10,,Aggregated,9.000000,0.000000,62,63,63,78,94,360,2800,4100,5000,5900,5900,2187,21,62,180.65294924608233,30.999999988125637,5921.999999991385,0.0
1618347268,10,,Aggregated,9.200000,0.000000,62,63,63,78,94,360,2800,4100,5000,5900,5900,2197,21,62,180.1060537101733,30.999999988125637,5921.999999991385,0.0
1618347269,10,,Aggregated,9.600000,0.000000,62,63,63,78,94,340,2800,3500,5000,5900,5900,2207,21,62,179.53194381569364,30.999999988125637,5921.999999991385,0.0
1618347270,10,,Aggregated,9.800000,0.000000,62,63,63,78,94,340,2800,3500,5000,5900,5900,2217,21,62,178.9905277407868,30.999999988125637,5921.999999991385,0.0
1618347271,10,,Aggregated,9.800000,0.000000,62,63,63,78,94,330,2800,3500,5000,5900,5900,2224,21,62,178.58183453294873,30.999999988125637,5921.999999991385,0.0
1618347272,10,,Aggregated,10.000000,0.000000,62,63,63,78,94,360,2800,3500,5000,5900,5900,2234,21,62,178.81020590927002,30.999999988125637,5921.999999991385,0.0
1618347273,10,,Aggregated,9.700000,0.000000,62,63,63,78,94,360,2800,3500,5000,5900,5900,2244,21,62,178.29188948364938,30.999999988125637,5921.999999991385,0.0
1618347274,10,,Aggregated,9.500000,0.000000,62,63,63,78,94,360,2800,3500,5000,5900,5900,2254,21,62,177.75022182844478,30.999999988125637,5921.999999991385,0.0
1618347275,10,,Aggregated,9.400000,0.000000,62,63,63,78,94,340,2800,3500,5000,5900,5900,2264,21,62,177.2407243822108,30.999999988125637,5921.999999991385,0.0
1618347276,10,,Aggregated,9.200000,0.000000,62,63,63,78,94,340,2800,3500,5000,5900,5900,2274,21,62,176.68777484667513,30.999999988125637,5921.999999991385,0.0
1618347277,10,,Aggregated,9.200000,0.000000,62,63,63,78,94,330,2800,3500,5000,5900,5900,2282,21,62,176.49298860706486,30.999999988125637,5921.999999991385,0.0
1618347278,10,,Aggregated,9.000000,0.000000,62,63,63,78,94,330,2800,3500,5000,5900,5900,2289,21,62,176.3075578861114,30.999999988125637,5921.999999991385,0.0
1618347279,10,,Aggregated,9.000000,0.000000,62,63,63,78,94,330,2800,3500,5000,5900,5900,2299,21,62,175.8120922145801,30.999999988125637,5921.999999991385,0.0
1618347280,10,,Aggregated,9.000000,0.000000,62,63,63,78,94,330,2600,3300,5000,5900,5900,2309,21,62,175.3425725427846,30.999999988125637,5921.999999991385,0.0
1618347281,10,,Aggregated,8.700000,0.000000,62,63,63,78,94,330,2600,3300,5000,5900,5900,2319,21,62,174.8227684352179,30.999999988125637,5921.999999991385,0.0
1618347282,10,,Aggregated,8.700000,0.000000,62,63,63,78,94,330,2600,3300,5000,5900,5900,2329,21,62,174.3147273513283,30.999999988125637,5921.999999991385,0.0
1618347283,10,,Aggregated,9.000000,0.000000,62,63,63,78,94,330,2600,3300,5000,5900,5900,2339,21,62,173.7832407016611,30.999999988125637,5921.999999991385,0.0
1618347284,10,,Aggregated,9.200000,0.000000,62,63,63,78,94,330,2600,3300,5000,5900,5900,2349,21,62,173.27628778252347,30.999999988125637,5921.999999991385,0.0
1618347285,10,,Aggregated,9.300000,0.000000,62,63,63,78,94,330,2500,3300,5000,5900,5900,2358,21,62,172.87404580201527,30.999999988125637,5921.999999991385,0.0
1618347286,10,,Aggregated,9.500000,0.000000,62,63,63,78,94,300,2500,3300,5000,5900,5900,2368,21,62,172.38133445993594,30.999999988125637,5921.999999991385,0.0
1618347287,10,,Aggregated,9.300000,0.000000,62,63,63,78,94,300,2500,3300,5000,5900,5900,2374,21,62,172.09730412852332,30.999999988125637,5921.999999991385,0.0
1618347288,10,,Aggregated,9.500000,0.000000,62,63,63,78,94,280,2500,3300,5000,5900,5900,2384,21,62,171.6119966447682,30.999999988125637,5921.999999991385,0.0
1618347289,10,,Aggregated,9.300000,0.000000,62,63,63,78,94,280,2500,3300,5000,5900,5900,2394,21,62,171.16499582334046,30.999999988125637,5921.999999991385,0.0
1618347290,10,,Aggregated,9.200000,0.000000,62,63,63,78,94,280,2500,3300,5000,5900,5900,2404,21,62,170.6730449255889,30.999999988125637,5921.999999991385,0.0
1618347291,10,,Aggregated,9.500000,0.000000,62,63,63,78,94,280,2500,3300,5000,5900,5900,2414,21,62,170.20008285048047,30.999999988125637,5921.999999991385,0.0
1618347292,10,,Aggregated,9.500000,0.000000,62,63,63,78,94,280,2500,3300,5000,5900,5900,2424,21,62,169.7042079212413,30.999999988125637,5921.999999991385,0.0
1618347293,10,,Aggregated,9.500000,0.000000,62,63,63,63,94,280,2500,3300,5000,5900,5900,2434,21,62,169.2189811015289,30.999999988125637,5921.999999991385,0.0
1618347294,10,,Aggregated,9.500000,0.000000,62,63,63,63,94,280,2500,3300,5000,5900,5900,2442,21,62,168.8312858317477,30.999999988125637,5921.999999991385,0.0
1618347295,10,,Aggregated,9.500000,0.000000,62,63,63,63,94,280,2500,3300,5000,5900,5900,2452,21,62,168.34624796132448,30.999999988125637,5921.999999991385,0.0
1618347296,10,,Aggregated,9.300000,0.000000,62,63,63,63,94,280,2500,3300,5000,5900,5900,2462,21,62,167.852965069505,30.999999988125637,5921.999999991385,0.0
1618347297,10,,Aggregated,9.200000,0.000000,62,63,63,63,94,280,2500,3300,5000,5900,5900,2472,21,62,167.39441747618693,30.999999988125637,5921.999999991385,0.0
1618347298,10,,Aggregated,9.200000,0.000000,62,63,63,63,94,280,2500,3300,5000,5900,5900,2480,21,62,167.0125000004543,30.999999988125637,5921.999999991385,0.0
1618347299,10,,Aggregated,9.400000,0.000000,62,63,63,63,94,280,2500,3300,5000,5900,5900,2489,21,62,166.62233828891286,30.999999988125637,5921.999999991385,0.0
1618347300,10,,Aggregated,9.500000,0.000000,62,63,63,63,94,280,2500,3300,5000,5900,5900,2499,21,62,166.14365746343913,30.999999988125637,5921.999999991385,0.0
1618347301,10,,Aggregated,9.500000,0.000000,62,63,63,63,94,270,2500,3300,5000,5900,5900,2509,21,62,165.69948186575687,30.999999988125637,5921.999999991385,0.0
1618347302,10,,Aggregated,9.500000,0.000000,62,63,63,63,94,270,2500,3300,5000,5900,5900,2519,21,62,165.22786820214205,30.999999988125637,5921.999999991385,0.0
1618347303,10,,Aggregated,9.300000,0.000000,62,63,63,63,94,270,2500,3300,5000,5900,5900,2529,21,62,164.77184658014133,30.999999988125637,5921.999999991385,0.0
1618347304,10,,Aggregated,9.300000,0.000000,62,63,63,63,94,270,2500,3300,5000,5900,5900,2539,21,62,164.32020480550088,30.999999988125637,5921.999999991385,0.0
1618347305,10,,Aggregated,9.300000,0.000000,62,63,63,63,94,260,2500,3300,5000,5900,5900,2548,21,62,163.9171899533583,30.999999988125637,5921.999999991385,0.0
1618347306,10,,Aggregated,9.500000,0.000000,62,63,63,63,94,260,2500,3300,5000,5900,5900,2558,21,62,163.4972634875525,30.999999988125637,5921.999999991385,0.0
1618347307,10,,Aggregated,9.600000,0.000000,62,63,63,63,94,260,2500,3300,5000,5900,5900,2567,21,62,163.2407479552606,30.999999988125637,5921.999999991385,0.0
1618347308,10,,Aggregated,9.500000,0.000000,62,63,63,63,94,260,2500,3300,5000,5900,5900,2574,21,62,163.0512820517412,30.999999988125637,5921.999999991385,0.0
1618347309,10,,Aggregated,9.500000,0.000000,62,63,63,63,94,250,2500,3300,5000,5900,5900,2582,21,62,162.7451587920904,30.999999988125637,5921.999999991385,0.0
1618347310,10,,Aggregated,9.500000,0.000000,62,63,63,63,94,250,2500,3300,5000,5900,5900,2582,21,62,162.7451587920904,30.999999988125637,5921.999999991385,0.0
1618347311,10,,Aggregated,9.500000,0.000000,62,63,63,63,94,250,2500,3300,5000,5900,5900,2582,21,62,162.7451587920904,30.999999988125637,5921.999999991385,0.0
1618347312,10,,Aggregated,9.500000,0.000000,62,63,63,63,94,250,2500,3300,5000,5900,5900,2582,21,62,162.7451587920904,30.999999988125637,5921.999999991385,0.0
1618347313,10,,Aggregated,8.000000,0.000000,62,63,63,63,94,280,2800,3900,5000,5900,5900,2592,25,62,176.5852623461179,30.999999988125637,5921.999999991385,0.0
1618347314,10,,Aggregated,7.000000,0.000000,62,63,63,63,94,280,2800,3900,5000,5900,5900,2602,25,62,176.17678708730796,30.999999988125637,5921.999999991385,0.0
1618347315,10,,Aggregated,6.000000,0.000000,62,63,63,63,94,280,2800,3900,5000,5900,5900,2605,25,62,176.03416506762102,30.999999988125637,5921.999999991385,0.0
1618347316,10,,Aggregated,6.000000,0.000000,62,63,63,63,94,280,2800,3900,5000,5900,5900,2612,25,62,175.705589586958,30.999999988125637,5921.999999991385,0.0
1618347317,10,,Aggregated,6.000000,0.400000,62,63,63,63,94,280,2800,3900,5000,5900,5900,2622,25,62,175.26163234215403,30.999999988125637,5921.999999991385,0.0
1618347318,10,,Aggregated,6.200000,0.400000,62,63,63,63,94,280,2800,3900,5000,5900,5900,2632,25,62,174.7921732527053,30.999999988125637,5921.999999991385,0.0
1618347319,10,,Aggregated,6.300000,0.400000,62,63,63,63,94,280,2800,3900,5000,5900,5900,2642,25,62,174.3364875099065,30.999999988125637,5921.999999991385,0.0
1618347320,10,,Aggregated,6.300000,0.400000,62,63,63,63,94,280,2800,3900,5000,5900,5900,2642,25,62,174.3364875099065,30.999999988125637,5921.999999991385,0.0
1618347321,10,,Aggregated,6.300000,0.400000,62,63,63,63,94,280,2800,3900,5000,5900,5900,2642,25,62,174.3364875099065,30.999999988125637,5921.999999991385,0.0
1618347322,10,,Aggregated,6.000000,0.400000,62,63,63,63,94,360,2800,3900,5000,5900,5900,2652,26,62,181.64479638054377,30.999999988125637,5921.999999991385,0.0
1618347323,10,,Aggregated,6.000000,0.400000,62,63,63,63,94,340,2800,3900,5000,5900,5900,2662,26,62,181.22727272769762,30.999999988125637,5921.999999991385,0.0
1618347324,10,,Aggregated,6.000000,0.400000,62,63,63,63,94,340,2800,3900,5000,5900,5900,2672,26,62,180.8053892220011,30.999999988125637,5921.999999991385,0.0
1618347325,10,,Aggregated,7.000000,0.500000,62,63,63,63,94,330,2800,3900,5000,5900,5900,2682,26,62,180.3586875470552,30.999999988125637,5921.999999991385,0.0
1618347326,10,,Aggregated,7.000000,0.100000,62,63,63,63,94,330,2800,3900,5000,5900,5900,2692,26,62,179.9457652307731,30.999999988125637,5921.999999991385,0.0
1618347327,10,,Aggregated,7.000000,0.100000,62,63,63,63,94,330,2800,3800,5000,5900,5900,2702,26,62,179.49962990423876,30.999999988125637,5921.999999991385,0.0
1618347328,10,,Aggregated,7.000000,0.100000,62,63,63,63,94,330,2800,3800,5000,5900,5900,2712,26,62,179.07374631315156,30.999999988125637,5921.999999991385,0.0
1618347329,10,,Aggregated,7.000000,0.100000,62,63,63,63,94,330,2800,3800,5000,5900,5900,2722,26,62,178.65099191818888,30.999999988125637,5921.999999991385,0.0
1618347330,10,,Aggregated,7.000000,0.100000,62,63,63,63,94,330,2800,3800,5000,5900,5900,2732,26,62,178.24853587162752,30.999999988125637,5921.999999991385,0.0
1618347331,10,,Aggregated,8.000000,0.100000,62,63,63,63,94,330,2800,3800,5000,5900,5900,2742,26,62,177.79139314417398,30.999999988125637,5921.999999991385,0.0
1618347332,10,,Aggregated,8.000000,0.100000,62,63,63,63,94,330,2800,3800,5000,5900,5900,2752,26,62,177.33248546561342,30.999999988125637,5921.999999991385,0.0
1618347333,10,,Aggregated,9.000000,0.100000,62,63,63,63,94,300,2800,3800,5000,5900,5900,2762,26,62,176.87798696646598,30.999999988125637,5921.999999991385,0.0
1618347334,10,,Aggregated,10.000000,0.100000,62,63,63,63,94,300,2800,3800,5000,5900,5900,2764,26,62,176.7952243130894,30.999999988125637,5921.999999991385,0.0
1618347335,10,,Aggregated,10.000000,0.000000,62,63,63,63,94,300,2800,3800,5000,5900,5900,2772,26,62,176.4646464651412,30.999999988125637,5921.999999991385,0.0
1618347336,10,,Aggregated,10.000000,0.000000,62,63,63,63,94,280,2800,3800,5000,5900,5900,2782,26,62,176.04529115793298,30.999999988125637,5921.999999991385,0.0
1618347337,10,,Aggregated,9.800000,0.000000,62,63,63,63,94,280,2800,3800,5000,5900,5900,2792,26,62,175.63753581712092,30.999999988125637,5921.999999991385,0.0
1618347338,10,,Aggregated,9.200000,0.000000,62,63,63,63,94,280,2600,3800,5000,5900,5900,2802,26,62,175.2052105644189,30.999999988125637,5921.999999991385,0.0
1618347339,10,,Aggregated,9.000000,0.000000,62,63,63,63,94,280,2600,3800,5000,5900,5900,2812,26,62,174.84388335759758,30.999999988125637,5921.999999991385,0.0
1618347341,10,,Aggregated,9.000000,0.000000,62,63,63,63,94,280,2600,3800,5000,5900,5900,2822,26,62,174.42452161644076,30.999999988125637,5921.999999991385,0.0
1618347342,10,,Aggregated,9.000000,0.000000,62,63,63,63,94,280,2600,3800,5000,5900,5900,2832,26,62,174.04555084799102,30.999999988125637,5921.999999991385,0.0
1618347343,10,,Aggregated,9.000000,0.000000,62,63,63,63,94,280,2600,3800,5000,5900,5900,2842,26,62,173.63159746708848,30.999999988125637,5921.999999991385,0.0
1618347344,10,,Aggregated,9.000000,0.000000,62,63,63,63,94,280,2500,3800,5000,5900,5900,2852,26,62,173.23106591917156,30.999999988125637,5921.999999991385,0.0
1618347345,10,,Aggregated,9.000000,0.000000,62,63,63,63,94,280,2500,3800,5000,5900,5900,2862,26,62,172.84416492017314,30.999999988125637,5921.999999991385,0.0
1618347346,10,,Aggregated,9.000000,0.000000,62,63,63,63,94,280,2500,3800,5000,5900,5900,2872,26,62,172.48781337101386,30.999999988125637,5921.999999991385,0.0
1618347347,10,,Aggregated,9.000000,0.000000,62,63,63,63,94,280,2500,3800,5000,5900,5900,2882,26,62,172.08015267230024,30.999999988125637,5921.999999991385,0.0
1618347348,10,,Aggregated,9.200000,0.000000,62,63,63,63,94,280,2500,3800,5000,5900,5900,2892,26,62,171.6794605814372,30.999999988125637,5921.999999991385,0.0
1618347349,10,,Aggregated,9.800000,0.000000,62,63,63,63,94,270,2500,3500,5000,5900,5900,2902,26,62,171.275671950906,30.999999988125637,5921.999999991385,0.0
1618347350,10,,Aggregated,10.000000,0.000000,62,63,63,63,94,270,2500,3500,5000,5900,5900,2912,26,62,170.87087912137918,30.999999988125637,5921.999999991385,0.0
1618347351,10,,Aggregated,10.000000,0.000000,62,63,63,63,94,270,2500,3500,5000,5900,5900,2922,26,62,170.48425735846163,30.999999988125637,5921.999999991385,0.0
1618347352,10,,Aggregated,10.000000,0.000000,62,63,63,63,94,270,2500,3500,5000,5900,5900,2926,26,62,170.31510594717372,30.999999988125637,5921.999999991385,0.0
1618347353,10,,Aggregated,10.000000,0.000000,62,63,63,63,93,270,2500,3500,5000,5900,5900,2934,26,62,170.0047716432926,30.999999988125637,5921.999999991385,0.0
1618347354,10,,Aggregated,9.400000,0.000000,62,63,63,63,93,260,2500,3500,5000,5900,5900,2944,26,62,169.64538043526258,30.999999988125637,5921.999999991385,0.0
1618347355,10,,Aggregated,9.200000,0.000000,62,63,63,63,93,260,2500,3500,5000,5900,5900,2954,26,62,169.25050778652093,30.999999988125637,5921.999999991385,0.0
1618347356,10,,Aggregated,9.200000,0.000000,62,63,63,63,93,260,2500,3500,5000,5900,5900,2964,26,62,168.87516869141055,30.999999988125637,5921.999999991385,0.0
1618347357,10,,Aggregated,9.200000,0.000000,62,63,63,63,93,260,2500,3500,5000,5900,5900,2972,26,62,168.58815612428072,30.999999988125637,5921.999999991385,0.0
1618347358,10,,Aggregated,9.000000,0.000000,62,63,63,63,93,250,2500,3500,5000,5900,5900,2982,26,62,168.19517102662206,30.999999988125637,5921.999999991385,0.0
1618347359,10,,Aggregated,9.000000,0.000000,62,63,63,63,93,250,2500,3500,5000,5900,5900,2992,26,62,167.8365641715952,30.999999988125637,5921.999999991385,0.0
1618347360,10,,Aggregated,9.000000,0.000000,62,63,63,63,93,250,2500,3400,5000,5900,5900,3002,26,62,167.4863424388379,30.999999988125637,5921.999999991385,0.0
1618347361,10,,Aggregated,9.000000,0.000000,62,63,63,63,93,250,2500,3400,5000,5900,5900,3012,26,62,167.1069057109555,30.999999988125637,5921.999999991385,0.0
1618347362,10,,Aggregated,9.000000,0.000000,62,63,63,63,93,250,2500,3400,5000,5900,5900,3022,26,62,166.78193249549366,30.999999988125637,5921.999999991385,0.0
1618347363,10,,Aggregated,9.000000,0.000000,62,63,63,63,93,250,2500,3400,5000,5900,5900,3032,26,62,166.39709762577243,30.999999988125637,5921.999999991385,0.0
1618347364,10,,Aggregated,9.600000,0.000000,62,63,63,63,93,250,2500,3400,5000,5900,5900,3042,26,62,166.04470742976537,30.999999988125637,5921.999999991385,0.0
1618347365,10,,Aggregated,9.800000,0.000000,62,63,63,63,93,250,2500,3400,5000,5900,5900,3052,26,62,165.65432503321992,30.999999988125637,5921.999999991385,0.0
1618347366,10,,Aggregated,9.800000,0.000000,62,63,63,63,93,250,2500,3400,5000,5900,5900,3062,26,62,165.29229261965938,30.999999988125637,5921.999999991385,0.0
1618347367,10,,Aggregated,10.000000,0.000000,62,63,63,63,93,250,2500,3400,5000,5900,5900,3072,26,62,164.9270833337937,30.999999988125637,5921.999999991385,0.0
1618347368,10,,Aggregated,10.000000,0.000000,62,63,63,63,93,250,2500,3400,5000,5900,5900,3082,26,62,164.57495133075864,30.999999988125637,5921.999999991385,0.0
1618347369,10,,Aggregated,9.700000,0.000000,62,63,63,63,93,250,2500,3400,5000,5900,5900,3092,26,62,164.21474773656627,30.999999988125637,5921.999999991385,0.0
1618347370,10,,Aggregated,9.500000,0.000000,62,63,63,63,93,250,2300,3400,5000,5900,5900,3101,26,62,163.89906481827592,30.999999988125637,5921.999999991385,0.0
1618347371,10,,Aggregated,9.200000,0.000000,62,63,63,63,93,250,2300,3400,5000,5900,5900,3109,26,62,163.61820521116965,30.999999988125637,5921.999999991385,0.0
1618347372,10,,Aggregated,9.200000,0.000000,62,63,63,63,93,250,2300,3400,5000,5900,5900,3117,26,62,163.3641321788733,30.999999988125637,5921.999999991385,0.0
1618347373,10,,Aggregated,9.100000,0.000000,62,63,63,63,93,240,2300,3400,5000,5900,5900,3124,26,62,163.1270806663151,30.999999988125637,5921.999999991385,0.0
1618347374,10,,Aggregated,9.000000,0.000000,62,63,63,63,93,240,2300,3400,5000,5900,5900,3134,26,62,162.77185705216718,30.999999988125637,5921.999999991385,0.0
1618347375,10,,Aggregated,9.000000,0.000000,62,63,63,63,79,230,2300,3400,5000,5900,5900,3143,26,62,162.45975182994522,30.999999988125637,5921.999999991385,0.0
1618347376,10,,Aggregated,9.000000,0.000000,62,63,63,63,79,230,2300,3400,5000,5900,5900,3153,26,62,162.12337456438368,30.999999988125637,5921.999999991385,0.0
1618347377,10,,Aggregated,9.000000,0.000000,62,63,63,63,79,230,2300,3400,5000,5900,5900,3162,26,62,161.8260594565063,30.999999988125637,5921.999999991385,0.0
1618347378,10,,Aggregated,9.000000,0.000000,62,63,63,63,79,230,2300,3400,5000,5900,5900,3172,26,62,161.49243379619443,30.999999988125637,5921.999999991385,0.0
1618347379,10,,Aggregated,9.000000,0.000000,62,63,63,63,79,230,2300,3400,5000,5900,5900,3182,26,62,161.17127592757743,30.999999988125637,5921.999999991385,0.0
1618347380,10,,Aggregated,9.300000,0.000000,62,63,63,63,79,230,2300,3400,5000,5900,5900,3192,26,62,160.8521303262985,30.999999988125637,5921.999999991385,0.0
1618347381,10,,Aggregated,9.500000,0.000000,62,63,63,63,79,230,2300,3400,5000,5900,5900,3202,26,62,160.50062461010378,30.999999988125637,5921.999999991385,0.0
1618347382,10,,Aggregated,9.800000,0.000000,62,63,63,63,79,230,2300,3400,5000,5900,5900,3212,26,62,160.19084682489645,30.999999988125637,5921.999999991385,0.0
1618347383,10,,Aggregated,9.900000,0.000000,62,63,63,63,79,220,2300,3400,5000,5900,5900,3222,26,62,159.85785226616292,30.999999988125637,5921.999999991385,0.0
1618347384,10,,Aggregated,9.700000,0.000000,62,63,63,63,79,220,2300,3400,5000,5900,5900,3232,26,62,159.53279703018492,30.999999988125637,5921.999999991385,0.0
1618347385,10,,Aggregated,9.700000,0.000000,62,63,63,63,79,220,2300,3400,5000,5900,5900,3242,26,62,159.18537939591903,30.999999988125637,5921.999999991385,0.0
1618347386,10,,Aggregated,9.700000,0.000000,62,63,63,63,79,220,2300,3400,5000,5900,5900,3250,26,62,158.92369230817823,30.999999988125637,5921.999999991385,0.0
1618347387,10,,Aggregated,9.500000,0.000000,62,63,63,63,79,230,2300,3400,5000,5900,5900,3260,26,62,158.97300613544485,30.999999988125637,5921.999999991385,0.0
1618347388,10,,Aggregated,9.200000,0.000000,62,63,63,63,79,220,2300,3400,5000,5900,5900,3270,26,62,158.65504587203014,30.999999988125637,5921.999999991385,0.0
1618347389,10,,Aggregated,9.200000,0.000000,62,63,63,63,79,220,2300,3400,5000,5900,5900,3274,26,62,158.5277947469643,30.999999988125637,5921.999999991385,0.0
1618347390,10,,Aggregated,9.200000,0.000000,62,63,63,63,79,220,2300,3400,5000,5900,5900,3274,26,62,158.5277947469643,30.999999988125637,5921.999999991385,0.0
1618347391,10,,Aggregated,9.200000,0.000000,62,63,63,63,79,230,2300,3400,5000,5900,5900,3276,26,62,159.48962149009603,30.999999988125637,5921.999999991385,0.0
1618347392,10,,Aggregated,8.200000,0.000000,62,63,63,63,79,250,2300,3400,5000,5900,5900,3285,28,62,164.10867579956786,30.999999988125637,5921.999999991385,0.0
1618347393,10,,Aggregated,7.400000,0.000000,62,63,63,63,79,250,2500,3400,5000,5900,5900,3295,29,62,164.93383915071186,30.999999988125637,5921.999999991385,0.0
1618347394,10,,Aggregated,7.400000,0.000000,62,63,63,63,79,250,2500,3400,5000,5900,5900,3296,29,62,164.89805825290867,30.999999988125637,5921.999999991385,0.0
1618347395,10,,Aggregated,6.700000,0.300000,62,63,63,63,93,280,2300,3400,5000,5900,5900,3306,29,62,166.5638233519674,30.999999988125637,5921.999999991385,0.0
1618347396,10,,Aggregated,6.700000,0.300000,62,63,63,63,93,280,2300,3400,5000,5900,5900,3316,29,62,166.26809408974725,30.999999988125637,5921.999999991385,0.0
1618347397,10,,Aggregated,6.800000,0.300000,62,63,63,63,93,270,2300,3400,5000,5900,5900,3326,29,62,165.9933854484879,30.999999988125637,5921.999999991385,0.0
1618347398,10,,Aggregated,7.100000,0.300000,62,63,63,63,93,270,2300,3400,5000,5900,5900,3336,29,62,165.68675060003503,30.999999988125637,5921.999999991385,0.0
1618347399,10,,Aggregated,6.200000,0.300000,62,63,63,63,93,270,2300,3400,5000,5900,5900,3346,29,62,165.4163179921472,30.999999988125637,5921.999999991385,0.0
1618347400,10,,Aggregated,6.200000,0.300000,62,63,63,63,93,270,2300,3400,5000,5900,5900,3356,29,62,165.1242550660505,30.999999988125637,5921.999999991385,0.0
1618347401,10,,Aggregated,6.200000,0.300000,62,63,63,63,93,270,2300,3400,5000,5900,5900,3356,29,62,165.1242550660505,30.999999988125637,5921.999999991385,0.0
1618347402,10,,Aggregated,6.500000,0.300000,62,63,63,63,93,330,2300,3400,5000,5900,5900,3366,29,62,166.3657159838886,30.999999988125637,5921.999999991385,0.0
1618347403,10,,Aggregated,8.000000,0.300000,62,63,63,63,93,330,2300,3400,5000,5900,5900,3376,29,62,166.14069905261644,30.999999988125637,5921.999999991385,0.0
1618347404,10,,Aggregated,9.000000,0.300000,62,63,63,63,93,300,2300,3400,5000,5900,5900,3386,29,62,165.8290017724932,30.999999988125637,5921.999999991385,0.0
1618347405,10,,Aggregated,8.600000,0.000000,62,63,63,63,93,300,2300,3400,5000,5900,5900,3396,29,62,165.5100117790644,30.999999988125637,5921.999999991385,0.0
1618347406,10,,Aggregated,8.000000,0.000000,62,63,63,63,93,280,2300,3300,5000,5900,5900,3406,29,62,165.26717557304715,30.999999988125637,5921.999999991385,0.0
1618347407,10,,Aggregated,8.000000,0.000000,62,63,63,63,93,280,2300,3300,5000,5900,5900,3406,29,62,165.26717557304715,30.999999988125637,5921.999999991385,0.0
1618347408,10,,Aggregated,8.100000,0.000000,62,63,63,63,94,380,2300,3300,5000,5900,5900,3416,29,62,166.6569086656728,30.999999988125637,5921.999999991385,0.0
1618347409,10,,Aggregated,8.100000,0.000000,62,63,63,63,94,360,2300,3300,5000,5900,5900,3426,29,62,166.4261529485985,30.999999988125637,5921.999999991385,0.0
1618347410,10,,Aggregated,9.000000,0.000000,62,63,63,78,94,360,2300,3300,5000,5900,5900,3436,29,62,166.17345750928422,30.999999988125637,5921.999999991385,0.0
1618347411,10,,Aggregated,9.000000,0.000000,62,63,63,78,94,360,2300,3300,5000,5900,5900,3446,29,62,165.88479396458084,30.999999988125637,5921.999999991385,0.0
1618347412,10,,Aggregated,8.000000,0.000000,62,63,63,78,94,360,2300,3300,5000,5900,5900,3456,29,62,165.57696759314746,30.999999988125637,5921.999999991385,0.0
1618347413,10,,Aggregated,8.000000,0.000000,62,63,63,78,94,360,2300,3300,5000,5900,5900,3466,29,62,165.29659549968173,30.999999988125637,5921.999999991385,0.0
1618347414,10,,Aggregated,8.000000,0.000000,62,63,63,78,94,360,2300,3300,5000,5900,5900,3476,29,62,164.99626006962313,30.999999988125637,5921.999999991385,0.0
1618347415,10,,Aggregated,8.400000,0.000000,62,63,63,78,94,340,2300,3300,5000,5900,5900,3486,29,62,164.70309810727994,30.999999988125637,5921.999999991385,0.0
1618347416,10,,Aggregated,9.000000,0.000000,62,63,63,78,94,340,2300,3300,5000,5900,5900,3496,29,62,164.43678489761183,30.999999988125637,5921.999999991385,0.0
1618347417,10,,Aggregated,9.000000,0.000000,62,63,63,78,94,330,2300,3300,5000,5900,5900,3506,29,62,164.14175698860154,30.999999988125637,5921.999999991385,0.0
1618347418,10,,Aggregated,9.000000,0.000000,62,63,63,78,94,330,2300,3300,5000,5900,5900,3509,29,62,164.0552864069595,30.999999988125637,5921.999999991385,0.0
1618347419,10,,Aggregated,9.000000,0.000000,62,63,63,78,94,330,2300,3300,5000,5900,5900,3516,29,62,163.8614903304798,30.999999988125637,5921.999999991385,0.0
1618347420,10,,Aggregated,9.000000,0.000000,62,63,63,78,94,330,2300,3300,5000,5900,5900,3526,29,62,163.56069200284566,30.999999988125637,5921.999999991385,0.0
1618347421,10,,Aggregated,9.000000,0.000000,62,63,63,78,94,330,2300,3300,5000,5900,5900,3536,29,62,163.25282805487137,30.999999988125637,5921.999999991385,0.0
1618347422,10,,Aggregated,9.000000,0.000000,62,63,63,78,94,330,2300,3300,5000,5900,5900,3546,29,62,162.92893401071427,30.999999988125637,5921.999999991385,0.0
1618347423,10,,Aggregated,10.000000,0.000000,62,63,63,78,94,330,2300,3300,5000,5900,5900,3556,29,62,162.6377952761543,30.999999988125637,5921.999999991385,0.0
1618347424,10,,Aggregated,10.000000,0.000000,62,63,63,78,94,330,2300,3300,5000,5900,5900,3566,29,62,162.3216489069028,30.999999988125637,5921.999999991385,0.0
1618347425,10,,Aggregated,10.000000,0.000000,62,63,63,63,94,330,2300,3300,5000,5900,5900,3576,29,62,162.02936241667337,30.999999988125637,5921.999999991385,0.0
1618347426,10,,Aggregated,9.800000,0.000000,62,63,63,63,94,300,2300,3300,5000,5900,5900,3586,29,62,161.7520914673606,30.999999988125637,5921.999999991385,0.0
1618347427,10,,Aggregated,9.400000,0.000000,62,63,63,63,93,300,2300,3300,5000,5900,5900,3596,29,62,161.45411568465389,30.999999988125637,5921.999999991385,0.0
1618347428,10,,Aggregated,9.000000,0.000000,62,63,63,63,94,280,2200,3300,5000,5900,5900,3606,29,62,161.35718247422585,30.999999988125637,5921.999999991385,0.0
1618347429,10,,Aggregated,9.000000,0.000000,62,63,63,63,94,280,2200,3300,5000,5900,5900,3616,29,62,161.0713495580798,30.999999988125637,5921.999999991385,0.0
1618347430,10,,Aggregated,9.000000,0.000000,62,63,63,63,94,280,2200,3300,5000,5900,5900,3626,29,62,160.77302813073777,30.999999988125637,5921.999999991385,0.0
1618347431,10,,Aggregated,9.000000,0.000000,62,63,63,63,93,280,2200,3300,5000,5900,5900,3636,29,62,160.48102310290005,30.999999988125637,5921.999999991385,0.0
1618347432,10,,Aggregated,9.000000,0.000000,62,63,63,63,93,280,2200,3300,5000,5900,5900,3646,29,62,160.18266593587367,30.999999988125637,5921.999999991385,0.0
1618347433,10,,Aggregated,9.000000,0.000000,62,63,63,63,93,280,2200,3300,5000,5900,5900,3652,29,62,160.00109529084776,30.999999988125637,5921.999999991385,0.0
1618347434,10,,Aggregated,9.000000,0.000000,62,63,63,63,93,280,2200,3300,5000,5900,5900,3662,29,62,159.70862916498788,30.999999988125637,5921.999999991385,0.0
1618347435,10,,Aggregated,9.000000,0.000000,62,63,63,63,93,280,2200,3300,5000,5900,5900,3672,29,62,159.41884531650612,30.999999988125637,5921.999999991385,0.0
1618347436,10,,Aggregated,9.200000,0.000000,62,63,63,63,93,280,2200,3300,5000,5900,5900,3682,29,62,159.1425855519285,30.999999988125637,5921.999999991385,0.0
1618347437,10,,Aggregated,9.600000,0.000000,62,63,63,63,93,280,2200,3300,5000,5900,5900,3692,29,62,158.8559046593086,30.999999988125637,5921.999999991385,0.0
1618347438,10,,Aggregated,10.000000,0.000000,62,63,63,63,93,280,2100,3300,5000,5900,5900,3702,29,62,158.57023230744343,30.999999988125637,5921.999999991385,0.0
1618347439,10,,Aggregated,10.000000,0.000000,62,63,63,63,93,280,2100,3300,5000,5900,5900,3710,29,62,158.3493261461396,30.999999988125637,5921.999999991385,0.0
1618347440,10,,Aggregated,9.600000,0.000000,62,63,63,63,93,280,2100,3300,5000,5900,5900,3716,29,62,158.19106566257872,30.999999988125637,5921.999999991385,0.0
1618347441,10,,Aggregated,9.600000,0.000000,62,63,63,63,93,280,2100,3300,5000,5900,5900,3726,29,62,157.93022007571886,30.999999988125637,5921.999999991385,0.0
1618347442,10,,Aggregated,9.600000,0.000000,62,63,63,63,93,280,2100,3300,5000,5900,5900,3736,29,62,157.63650963653333,30.999999988125637,5921.999999991385,0.0
1618347443,10,,Aggregated,9.600000,0.000000,62,63,63,63,93,270,2100,3300,5000,5900,5900,3746,29,62,157.36572343889318,30.999999988125637,5921.999999991385,0.0
1618347444,10,,Aggregated,9.600000,0.000000,62,63,63,63,93,270,2100,3300,5000,5900,5900,3756,29,62,157.10037273750908,30.999999988125637,5921.999999991385,0.0
1618347445,10,,Aggregated,9.600000,0.000000,62,63,63,63,93,270,2100,3300,5000,5900,5900,3766,29,62,156.82501327723557,30.999999988125637,5921.999999991385,0.0
1618347446,10,,Aggregated,9.000000,0.000000,62,63,63,63,93,270,2100,3300,5000,5900,5900,3776,29,62,156.55905720394125,30.999999988125637,5921.999999991385,0.0
1618347447,10,,Aggregated,9.000000,0.000000,62,63,63,63,93,270,2100,3300,5000,5900,5900,3786,29,62,156.33491811991524,30.999999988125637,5921.999999991385,0.0
1618347448,10,,Aggregated,9.000000,0.000000,62,63,63,63,93,270,2100,3300,5000,5900,5900,3796,29,62,156.12065331983308,30.999999988125637,5921.999999991385,0.0
1618347449,10,,Aggregated,9.000000,0.000000,62,63,63,63,93,260,2100,3100,5000,5900,5900,3806,29,62,155.86731476670155,30.999999988125637,5921.999999991385,0.0
1618347450,10,,Aggregated,9.400000,0.000000,62,63,63,63,93,260,2100,3100,5000,5900,5900,3807,29,62,155.83871815131533,30.999999988125637,5921.999999991385,0.0
1618347451,10,,Aggregated,9.400000,0.000000,62,63,63,63,93,280,2100,3100,5000,5900,5900,3817,29,62,156.69819229815687,30.999999988125637,5921.999999991385,0.0
1618347452,10,,Aggregated,9.400000,0.000000,62,63,63,63,93,280,2100,3100,5000,5900,5900,3827,29,62,156.5050953755015,30.999999988125637,5921.999999991385,0.0
1618347453,10,,Aggregated,8.500000,0.000000,62,63,63,63,93,280,2100,3100,5000,5900,5900,3837,29,62,156.2517591873958,30.999999988125637,5921.999999991385,0.0
1618347454,10,,Aggregated,8.500000,0.000000,62,63,63,63,93,280,2100,3100,5000,5900,5900,3847,29,62,155.98336366055446,30.999999988125637,5921.999999991385,0.0
1618347455,10,,Aggregated,8.500000,0.000000,62,63,63,63,93,280,2100,3100,5000,5900,5900,3857,29,62,155.70884106875823,30.999999988125637,5921.999999991385,0.0
1618347456,10,,Aggregated,9.100000,0.000000,62,63,63,63,93,280,2100,3100,5000,5900,5900,3867,29,62,155.4797000264219,30.999999988125637,5921.999999991385,0.0
1618347457,10,,Aggregated,9.100000,0.000000,62,63,63,63,93,280,2100,3100,5000,5900,5900,3867,29,62,155.4797000264219,30.999999988125637,5921.999999991385,0.0
1618347458,10,,Aggregated,9.100000,0.000000,62,63,63,63,93,280,2100,3100,5000,5900,5900,3867,29,62,155.4797000264219,30.999999988125637,5921.999999991385,0.0
1618347459,10,,Aggregated,9.100000,0.000000,62,63,63,63,94,300,2200,3100,5000,5900,5900,3875,30,62,159.6023225811941,30.999999988125637,5921.999999991385,0.0
1618347460,10,,Aggregated,8.100000,0.000000,62,63,63,63,94,300,2200,3200,5000,5900,5900,3884,31,62,160.169155510333,30.999999988125637,5921.999999991385,0.0
1618347461,10,,Aggregated,7.100000,0.000000,62,63,63,63,94,330,2200,3300,5000,5900,5900,3894,32,62,160.99871597382386,30.999999988125637,5921.999999991385,0.0
1618347463,10,,Aggregated,6.900000,0.100000,62,63,63,63,93,300,2200,3200,5000,5900,5900,3904,32,62,160.7415471316852,30.999999988125637,5921.999999991385,0.0
1618347464,10,,Aggregated,7.700000,0.200000,62,63,63,63,93,300,2200,3200,5000,5900,5900,3914,32,62,160.48288196271616,30.999999988125637,5921.999999991385,0.0
1618347465,10,,Aggregated,7.700000,0.300000,62,63,63,63,93,300,2200,3200,5000,5900,5900,3916,32,62,160.42875383096725,30.999999988125637,5921.999999991385,0.0
1618347466,10,,Aggregated,7.700000,0.300000,62,63,63,63,94,300,2200,3200,5000,5900,5900,3926,32,62,160.2231278659994,30.999999988125637,5921.999999991385,0.0
1618347467,10,,Aggregated,7.700000,0.300000,62,63,63,63,94,300,2200,3200,5000,5900,5900,3934,32,62,160.03152008184114,30.999999988125637,5921.999999991385,0.0
1618347468,10,,Aggregated,6.900000,0.300000,62,63,63,63,94,300,2200,3200,5000,5900,5900,3944,32,62,159.82834685646648,30.999999988125637,5921.999999991385,0.0
1618347469,10,,Aggregated,6.900000,0.300000,62,63,63,78,94,300,2200,3200,5000,5900,5900,3954,32,62,159.72812341980858,30.999999988125637,5921.999999991385,0.0
1618347470,10,,Aggregated,6.700000,0.300000,62,63,63,78,94,300,2200,3200,5000,5900,5900,3964,32,62,159.4868819379229,30.999999988125637,5921.999999991385,0.0
1618347471,10,,Aggregated,7.700000,0.300000,62,63,63,63,93,300,2200,3200,5000,5900,5900,3974,32,62,159.2274786114447,30.999999988125637,5921.999999991385,0.0
1618347472,10,,Aggregated,8.900000,0.200000,62,63,63,63,93,300,2200,3200,5000,5900,5900,3984,32,62,158.98368473943148,30.999999988125637,5921.999999991385,0.0
1618347473,10,,Aggregated,9.000000,0.100000,62,63,63,63,93,300,2200,3200,5000,5900,5900,3994,32,62,158.72308462742922,30.999999988125637,5921.999999991385,0.0
1618347474,10,,Aggregated,9.000000,0.100000,62,63,63,63,93,280,2200,3100,5000,5900,5900,4003,32,62,158.48688483686956,30.999999988125637,5921.999999991385,0.0
1618347475,10,,Aggregated,8.900000,0.000000,62,63,63,63,93,280,2200,3100,5000,5900,5900,4013,32,62,158.22875654173635,30.999999988125637,5921.999999991385,0.0
1618347476,10,,Aggregated,8.900000,0.000000,62,63,63,63,93,280,2200,3100,5000,5900,5900,4023,32,62,157.97912006016048,30.999999988125637,5921.999999991385,0.0
1618347477,10,,Aggregated,8.900000,0.000000,62,63,63,63,93,280,2200,3100,5000,5900,5900,4033,32,62,157.7307215477397,30.999999988125637,5921.999999991385,0.0
1618347478,10,,Aggregated,9.700000,0.000000,62,63,63,63,93,280,2200,3100,5000,5900,5900,4043,32,62,157.46846401238807,30.999999988125637,5921.999999991385,0.0
1618347479,10,,Aggregated,9.700000,0.000000,62,63,63,63,93,280,2200,3100,5000,5900,5900,4053,32,62,157.2114483104073,30.999999988125637,5921.999999991385,0.0
1618347480,10,,Aggregated,9.900000,0.000000,62,63,63,63,93,280,2200,3100,5000,5900,5900,4063,32,62,156.9549593901326,30.999999988125637,5921.999999991385,0.0
1618347481,10,,Aggregated,9.900000,0.000000,62,63,63,63,93,280,2200,3100,5000,5900,5900,4073,32,62,156.7193714711819,30.999999988125637,5921.999999991385,0.0
1618347482,10,,Aggregated,9.700000,0.000000,62,63,63,63,93,280,2200,3100,5000,5900,5900,4083,32,62,156.4614254230097,30.999999988125637,5921.999999991385,0.0
1618347483,10,,Aggregated,9.300000,0.000000,62,63,63,63,93,280,2200,3100,5000,5900,5900,4091,32,62,156.25861647571253,30.999999988125637,5921.999999991385,0.0
1618347484,10,,Aggregated,9.200000,0.000000,62,63,63,63,93,280,2200,3100,5000,5900,5900,4097,32,62,156.10251403519132,30.999999988125637,5921.999999991385,0.0
1618347485,10,,Aggregated,9.200000,0.000000,62,63,63,63,93,280,2200,3100,5000,5900,5900,4105,32,62,155.91230207118184,30.999999988125637,5921.999999991385,0.0
1618347486,10,,Aggregated,9.100000,0.000000,62,63,63,63,93,280,2200,3100,5000,5900,5900,4115,32,62,155.65103280734562,30.999999988125637,5921.999999991385,0.0
1618347487,10,,Aggregated,9.100000,0.000000,62,63,63,63,93,280,2200,3100,5000,5900,5900,4124,32,62,155.44398642148852,30.999999988125637,5921.999999991385,0.0
1618347488,10,,Aggregated,9.100000,0.000000,62,63,63,63,93,280,2200,3100,5000,5900,5900,4134,32,62,155.4721819066673,30.999999988125637,5921.999999991385,0.0
1618347489,10,,Aggregated,9.100000,0.000000,62,63,63,63,93,270,2200,3100,5000,5900,5900,4144,32,62,155.24782818585706,30.999999988125637,5921.999999991385,0.0
1618347490,10,,Aggregated,9.100000,0.000000,62,63,63,63,93,280,2100,3100,5000,5900,5900,4154,32,62,155.09220028940993,30.999999988125637,5921.999999991385,0.0
1618347491,10,,Aggregated,9.000000,0.000000,62,63,63,63,93,270,2100,3100,5000,5900,5900,4164,32,62,154.8585494721944,30.999999988125637,5921.999999991385,0.0
1618347492,10,,Aggregated,9.100000,0.000000,62,63,63,63,93,270,2100,3100,5000,5900,5900,4174,32,62,154.62961188361547,30.999999988125637,5921.999999991385,0.0
1618347493,10,,Aggregated,9.500000,0.000000,62,63,63,63,93,270,2100,3100,5000,5900,5900,4183,32,62,154.41214439450852,30.999999988125637,5921.999999991385,0.0
1618347494,10,,Aggregated,9.700000,0.000000,62,63,63,63,93,270,2100,3100,5000,5900,5900,4193,32,62,154.1781540668105,30.999999988125637,5921.999999991385,0.0
1618347495,10,,Aggregated,9.700000,0.000000,62,63,63,63,93,270,2100,3100,5000,5900,5900,4202,32,62,153.9631128039346,30.999999988125637,5921.999999991385,0.0
1618347496,10,,Aggregated,9.800000,0.000000,62,63,63,63,93,270,2100,3100,5000,5900,5900,4212,32,62,153.74240265957246,30.999999988125637,5921.999999991385,0.0
1618347497,10,,Aggregated,9.500000,0.000000,62,63,63,63,93,260,2100,3100,5000,5900,5900,4222,32,62,153.50805305592135,30.999999988125637,5921.999999991385,0.0
1618347498,10,,Aggregated,9.300000,0.000000,62,63,63,63,93,260,2100,3100,5000,5900,5900,4232,32,62,153.2816635165757,30.999999988125637,5921.999999991385,0.0
1618347499,10,,Aggregated,9.100000,0.000000,62,63,63,63,93,260,2100,3100,5000,5900,5900,4239,32,62,153.1099315881594,30.999999988125637,5921.999999991385,0.0
1618347500,10,,Aggregated,9.100000,0.000000,62,63,63,63,93,260,2100,3100,5000,5900,5900,4248,32,62,152.89948210975365,30.999999988125637,5921.999999991385,0.0
1618347501,10,,Aggregated,9.200000,0.000000,62,63,63,63,93,260,2100,3100,5000,5900,5900,4258,32,62,152.73179896716243,30.999999988125637,5921.999999991385,0.0
1618347502,10,,Aggregated,9.300000,0.000000,62,63,63,63,93,260,2100,3100,5000,5900,5900,4268,32,62,152.4985941898276,30.999999988125637,5921.999999991385,0.0
1618347503,10,,Aggregated,9.200000,0.000000,62,63,63,63,93,260,2100,3100,5000,5900,5900,4275,32,62,152.34081871395696,30.999999988125637,5921.999999991385,0.0
1618347504,10,,Aggregated,9.200000,0.000000,62,63,63,63,93,250,2100,3100,5000,5900,5900,4285,32,62,152.10595099233572,30.999999988125637,5921.999999991385,0.0
1618347505,10,,Aggregated,9.200000,0.000000,62,63,63,63,93,250,2100,3100,5000,5900,5900,4295,32,62,151.88265424963072,30.999999988125637,5921.999999991385,0.0
1618347506,10,,Aggregated,9.200000,0.000000,62,63,63,63,93,250,2100,3100,5000,5900,5900,4305,32,62,151.6457607438201,30.999999988125637,5921.999999991385,0.0
1618347507,10,,Aggregated,9.500000,0.000000,62,63,63,63,93,250,2100,3100,5000,5900,5900,4315,32,62,151.42108922412694,30.999999988125637,5921.999999991385,0.0
1618347508,10,,Aggregated,9.600000,0.000000,62,63,63,63,93,250,2100,3100,5000,5900,5900,4324,32,62,151.21438482935238,30.999999988125637,5921.999999991385,0.0
1618347509,10,,Aggregated,9.800000,0.000000,62,63,63,63,93,250,2100,3100,5000,5900,5900,4334,32,62,150.9875403788946,30.999999988125637,5921.999999991385,0.0
1618347510,10,,Aggregated,9.800000,0.000000,62,63,63,63,93,250,2100,3100,5000,5900,5900,4344,32,62,150.75897790104094,30.999999988125637,5921.999999991385,0.0
1618347511,10,,Aggregated,9.700000,0.000000,62,63,63,63,93,250,2100,3100,5000,5900,5900,4354,32,62,150.52756086406103,30.999999988125637,5921.999999991385,0.0
1618347512,10,,Aggregated,9.700000,0.000000,62,63,63,63,93,250,2100,3100,5000,5900,5900,4358,32,62,150.4394217535898,30.999999988125637,5921.999999991385,0.0
1618347513,10,,Aggregated,9.700000,0.000000,62,63,63,63,93,250,2100,3100,5000,5900,5900,4358,32,62,150.4394217535898,30.999999988125637,5921.999999991385,0.0
1618347514,10,,Aggregated,9.700000,0.000000,62,63,63,63,93,250,2100,3100,5000,5900,5900,4358,32,62,150.4394217535898,30.999999988125637,5921.999999991385,0.0
1618347515,10,,Aggregated,9.400000,0.000000,62,63,63,63,93,280,2200,3100,5000,5900,5900,4368,33,62,155.42124542175952,30.999999988125637,5921.999999991385,0.0
1618347516,10,,Aggregated,8.400000,0.000000,62,63,63,63,93,280,2200,3100,5000,5900,5900,4369,33,62,155.3962005040622,30.999999988125637,5921.999999991385,0.0
1618347517,10,,Aggregated,7.400000,0.000000,62,63,63,63,93,300,2200,3100,5000,5900,5900,4379,33,62,157.09705412244742,30.999999988125637,5921.999999991385,0.0
1618347518,10,,Aggregated,7.400000,0.000000,62,63,63,63,93,300,2200,3100,5000,5900,5900,4379,33,62,157.09705412244742,30.999999988125637,5921.999999991385,0.0
1618347519,10,,Aggregated,6.600000,0.100000,62,63,63,63,93,360,2200,3100,5000,5900,5900,4389,33,62,158.93984962457728,30.999999988125637,5921.999999991385,0.0
1618347520,10,,Aggregated,6.600000,0.100000,62,63,63,63,93,360,2200,3100,5000,5900,5900,4389,33,62,158.93984962457728,30.999999988125637,5921.999999991385,0.0
1618347521,10,,Aggregated,6.600000,0.100000,62,63,63,63,93,360,2200,3100,5000,5900,5900,4389,33,62,158.93984962457728,30.999999988125637,5921.999999991385,0.0
1618347522,10,,Aggregated,6.600000,0.100000,62,63,63,63,93,360,2200,3100,5000,5900,5900,4389,33,62,158.93984962457728,30.999999988125637,5921.999999991385,0.0
1618347523,10,,Aggregated,4.100000,0.100000,62,63,63,63,94,470,2300,3400,5000,5900,5900,4399,33,62,166.4964764724162,30.999999988125637,5921.999999991385,0.0
1618347524,10,,Aggregated,3.100000,0.100000,62,63,63,63,94,470,2300,3400,5000,5900,5900,4400,33,62,166.47636363685623,30.999999988125637,5921.999999991385,0.0
1618347525,10,,Aggregated,3.100000,0.100000,62,63,63,63,94,550,2300,3400,5000,5900,5900,4410,33,62,168.49002267620494,30.999999988125637,5921.999999991385,0.0
1618347526,10,,Aggregated,4.100000,0.100000,62,63,63,63,94,550,2300,3400,5000,5900,5900,4420,33,62,168.25859728553075,30.999999988125637,5921.999999991385,0.0
1618347527,10,,Aggregated,4.100000,0.100000,62,63,63,63,94,550,2300,3400,5000,5900,5900,4420,33,62,168.25859728553075,30.999999988125637,5921.999999991385,0.0
1618347528,10,,Aggregated,4.100000,0.100000,62,63,63,63,94,550,2300,3400,5000,5900,5900,4420,33,62,168.25859728553075,30.999999988125637,5921.999999991385,0.0
1618347529,10,,Aggregated,4.100000,0.000000,62,63,63,63,94,550,2300,3400,5000,5900,5900,4421,34,62,168.71182990320435,30.999999988125637,5921.999999991385,0.0
1618347530,10,,Aggregated,4.100000,0.000000,62,63,63,63,94,590,2300,3400,5000,5900,5900,4429,36,62,172.32174305758753,30.999999988125637,5921.999999991385,0.0
1618347531,10,,Aggregated,4.100000,0.000000,62,63,63,78,94,590,2300,3400,5000,5900,5900,4439,37,62,172.9274611403291,30.999999988125637,5921.999999991385,0.0
1618347532,10,,Aggregated,3.100000,0.000000,62,63,63,78,94,590,2300,3400,5000,5900,5900,4449,37,62,172.680377613373,30.999999988125637,5921.999999991385,0.0
1618347533,10,,Aggregated,4.000000,0.300000,62,63,63,78,94,590,2300,3400,5000,5900,5900,4450,37,62,172.6555056184049,30.999999988125637,5921.999999991385,0.0
1618347534,10,,Aggregated,4.000000,0.300000,62,63,63,78,94,590,2300,3400,5000,5900,5900,4450,37,62,172.6555056184049,30.999999988125637,5921.999999991385,0.0
1618347535,10,,Aggregated,6.000000,0.400000,62,63,63,78,94,640,2300,3400,5000,5900,5900,4460,37,62,176.27578475379443,30.999999988125637,5921.999999991385,0.0
1618347536,10,,Aggregated,6.000000,0.400000,62,63,63,78,94,640,2300,3400,5000,5900,5900,4460,37,62,176.27578475379443,30.999999988125637,5921.999999991385,0.0
1618347537,10,,Aggregated,5.100000,0.400000,62,63,63,78,94,640,2300,3400,5000,5900,5900,4470,37,62,178.0170022375867,30.999999988125637,5921.999999991385,0.0
1618347538,10,,Aggregated,6.000000,0.400000,62,63,63,78,94,640,2300,3400,5000,5900,5900,4474,37,62,177.90992400581584,30.999999988125637,5921.999999991385,0.0
1618347539,10,,Aggregated,5.000000,0.400000,62,63,63,78,94,720,2300,3400,5000,5900,5900,4484,37,62,178.8717662805455,30.999999988125637,5921.999999991385,0.0
1618347540,10,,Aggregated,5.000000,0.400000,62,63,63,78,94,720,2300,3400,5000,5900,5900,4494,37,62,178.59412550111094,30.999999988125637,5921.999999991385,0.0
1618347541,10,,Aggregated,5.400000,0.400000,62,63,63,78,94,700,2300,3300,5000,5900,5900,4504,37,62,178.33303730062337,30.999999988125637,5921.999999991385,0.0
1618347542,10,,Aggregated,6.500000,0.100000,62,63,63,78,94,700,2300,3300,5000,5900,5900,4514,37,62,178.0653522379372,30.999999988125637,5921.999999991385,0.0
1618347543,10,,Aggregated,6.500000,0.000000,62,63,63,78,94,700,2300,3300,5000,5900,5900,4524,37,62,177.7897877988451,30.999999988125637,5921.999999991385,0.0
1618347544,10,,Aggregated,6.200000,0.000000,62,63,63,78,94,700,2300,3300,5000,5900,5900,4534,37,62,177.52867225451214,30.999999988125637,5921.999999991385,0.0
1618347545,10,,Aggregated,6.800000,0.000000,62,63,63,78,94,660,2300,3300,5000,5900,5900,4544,37,62,177.257922535645,30.999999988125637,5921.999999991385,0.0
1618347546,10,,Aggregated,7.400000,0.000000,62,63,63,78,94,660,2200,3300,5000,5900,5900,4554,37,62,176.98506807246352,30.999999988125637,5921.999999991385,0.0
1618347547,10,,Aggregated,7.400000,0.000000,62,63,63,78,94,660,2200,3300,5000,5900,5900,4564,37,62,176.72699386546319,30.999999988125637,5921.999999991385,0.0
1618347548,10,,Aggregated,8.400000,0.000000,62,63,63,78,94,660,2200,3300,5000,5900,5900,4574,37,62,176.44665500698096,30.999999988125637,5921.999999991385,0.0
1618347549,10,,Aggregated,8.400000,0.000000,62,63,63,78,94,640,2200,3300,5000,5900,5900,4584,37,62,176.1804101226031,30.999999988125637,5921.999999991385,0.0
1618347550,10,,Aggregated,9.000000,0.000000,62,63,63,78,94,640,2200,3300,5000,5900,5900,4590,37,62,176.02527233158708,30.999999988125637,5921.999999991385,0.0
1618347551,10,,Aggregated,9.000000,0.000000,62,63,63,78,94,700,2200,3300,5000,5900,5900,4598,37,62,176.5178338412341,30.999999988125637,5921.999999991385,0.0
1618347552,10,,Aggregated,9.000000,0.000000,62,63,63,78,94,720,2200,3300,5000,5900,5900,4608,37,62,176.5891927087561,30.999999988125637,5921.999999991385,0.0
1618347553,10,,Aggregated,8.600000,0.000000,62,63,63,78,94,720,2200,3300,5000,5900,5900,4618,37,62,176.3345604161981,30.999999988125637,5921.999999991385,0.0
1618347554,10,,Aggregated,8.700000,0.000000,62,63,63,78,94,700,2200,3300,5000,5900,5900,4628,37,62,176.06201382930217,30.999999988125637,5921.999999991385,0.0
1618347555,10,,Aggregated,9.000000,0.000000,62,63,63,78,94,700,2200,3300,5000,5900,5900,4638,37,62,175.80702889219904,30.999999988125637,5921.999999991385,0.0
1618347556,10,,Aggregated,9.400000,0.000000,62,63,63,78,94,700,2200,3300,5000,5900,5900,4648,37,62,175.53635972504713,30.999999988125637,5921.999999991385,0.0
1618347557,10,,Aggregated,9.400000,0.000000,62,63,63,78,94,700,2200,3300,5000,5900,5900,4654,37,62,175.37709497249577,30.999999988125637,5921.999999991385,0.0
1618347558,10,,Aggregated,9.400000,0.000000,62,63,63,63,94,660,2200,3300,5000,5900,5900,4664,37,62,175.1117066899654,30.999999988125637,5921.999999991385,0.0
1618347559,10,,Aggregated,9.400000,0.000000,62,63,63,63,94,660,2200,3300,5000,5900,5900,4674,37,62,174.86007702225294,30.999999988125637,5921.999999991385,0.0
1618347560,10,,Aggregated,9.400000,0.000000,62,63,63,63,94,660,2200,3300,5000,5900,5900,4683,37,62,174.62118300277547,30.999999988125637,5921.999999991385,0.0
1618347561,10,,Aggregated,9.400000,0.000000,62,63,63,63,94,660,2200,3300,5000,5900,5900,4689,37,62,174.4674770744331,30.999999988125637,5921.999999991385,0.0
1618347562,10,,Aggregated,9.400000,0.000000,62,63,63,63,94,660,2200,3300,5000,5900,5900,4698,37,62,174.2362707539469,30.999999988125637,5921.999999991385,0.0
1618347563,10,,Aggregated,9.400000,0.000000,62,63,63,63,94,660,2200,3300,5000,5900,5900,4699,37,62,174.21238561439625,30.999999988125637,5921.999999991385,0.0
1618347564,10,,Aggregated,9.600000,0.000000,62,63,63,78,94,720,2200,3300,5000,5900,5900,4709,37,62,177.1127627950884,30.999999988125637,5921.999999991385,0.0
1618347565,10,,Aggregated,9.100000,0.000000,62,63,63,78,94,720,2200,3300,5000,5900,5900,4714,37,62,177.01442511712364,30.999999988125637,5921.999999991385,0.0
1618347566,10,,Aggregated,8.100000,0.000000,62,63,63,78,94,780,2200,3300,5000,5900,5900,4724,37,62,177.76037256607628,30.999999988125637,5921.999999991385,0.0
1618347567,10,,Aggregated,8.100000,0.000000,62,63,63,78,94,780,2200,3300,5000,5900,5900,4734,37,62,177.52365864008257,30.999999988125637,5921.999999991385,0.0
1618347568,10,,Aggregated,7.600000,0.000000,62,63,63,78,94,780,2200,3300,5000,5900,5900,4739,37,62,177.40177252630886,30.999999988125637,5921.999999991385,0.0
1618347569,10,,Aggregated,7.600000,0.000000,62,63,63,78,94,730,2200,3300,5000,5900,5900,4749,37,62,177.15076858330477,30.999999988125637,5921.999999991385,0.0
1618347570,10,,Aggregated,7.600000,0.000000,62,63,63,78,94,730,2200,3300,5000,5900,5900,4759,37,62,176.89619668041857,30.999999988125637,5921.999999991385,0.0
1618347571,10,,Aggregated,7.600000,0.000000,62,63,63,78,94,720,2200,3300,5000,5900,5900,4765,37,62,176.7458551945612,30.999999988125637,5921.999999991385,0.0
1618347572,10,,Aggregated,7.100000,0.000000,62,63,63,78,94,720,2200,3300,5000,5900,5900,4774,37,62,176.5236698789449,30.999999988125637,5921.999999991385,0.0
1618347573,10,,Aggregated,7.500000,0.000000,62,63,63,63,94,720,2200,3300,5000,5900,5900,4784,37,62,176.269021739564,30.999999988125637,5921.999999991385,0.0
1618347574,10,,Aggregated,7.500000,0.000000,62,63,63,63,94,720,2200,3300,5000,5900,5900,4794,37,62,176.03149770589403,30.999999988125637,5921.999999991385,0.0
1618347575,10,,Aggregated,7.600000,0.000000,62,63,63,63,94,720,2200,3300,5000,5900,5900,4804,37,62,175.79225645338474,30.999999988125637,5921.999999991385,0.0
1618347576,10,,Aggregated,8.500000,0.000000,62,63,63,63,94,720,2200,3300,5000,5900,5900,4814,37,62,175.54673867928756,30.999999988125637,5921.999999991385,0.0
1618347578,10,,Aggregated,8.500000,0.000000,62,63,63,78,94,720,2200,3300,5000,5900,5900,4824,37,62,175.5196932011027,30.999999988125637,5921.999999991385,0.0
1618347579,10,,Aggregated,9.000000,0.000000,62,63,63,78,94,720,2200,3300,5000,5900,5900,4834,37,62,175.2724451804312,30.999999988125637,5921.999999991385,0.0
1618347580,10,,Aggregated,9.000000,0.000000,62,63,63,63,94,720,2200,3300,5000,5900,5900,4844,37,62,175.03385631755023,30.999999988125637,5921.999999991385,0.0
1618347581,10,,Aggregated,9.000000,0.000000,62,63,63,63,94,720,2200,3300,5000,5900,5900,4854,37,62,174.79192418670033,30.999999988125637,5921.999999991385,0.0
1618347582,10,,Aggregated,9.000000,0.000000,62,63,63,63,94,720,2200,3300,5000,5900,5900,4864,37,62,174.53227796098466,30.999999988125637,5921.999999991385,0.0
1618347583,10,,Aggregated,9.500000,0.000000,62,63,63,63,94,720,2200,3300,5000,5900,5900,4874,37,62,174.2862125568737,30.999999988125637,5921.999999991385,0.0
1618347584,10,,Aggregated,9.500000,0.000000,62,63,63,63,94,720,2200,3300,5000,5900,5900,4881,37,62,174.10346240569183,30.999999988125637,5921.999999991385,0.0
1618347585,10,,Aggregated,9.600000,0.000000,62,63,63,63,94,720,2200,3300,5000,5900,5900,4890,37,62,173.89141104339075,30.999999988125637,5921.999999991385,0.0
1618347586,10,,Aggregated,9.600000,0.000000,62,63,63,63,94,720,2200,3300,5000,5900,5900,4899,37,62,173.68034292757665,30.999999988125637,5921.999999991385,0.0
1618347587,10,,Aggregated,9.500000,0.000000,62,63,63,63,94,700,2200,3300,5000,5900,5900,4909,37,62,173.43165614221695,30.999999988125637,5921.999999991385,0.0
1618347588,10,,Aggregated,9.500000,0.000000,62,63,63,63,94,700,2200,3300,5000,5900,5900,4919,37,62,173.1874364712563,30.999999988125637,5921.999999991385,0.0
1618347589,10,,Aggregated,9.500000,0.000000,62,63,63,63,94,700,2200,3300,5000,5900,5900,4929,37,62,172.95678636683118,30.999999988125637,5921.999999991385,0.0
1618347590,10,,Aggregated,9.400000,0.000000,62,63,63,63,94,700,2200,3300,5000,5900,5900,4939,37,62,172.71755416118475,30.999999988125637,5921.999999991385,0.0
1618347591,10,,Aggregated,9.400000,0.000000,62,63,63,63,94,700,2200,3300,5000,5900,5900,4945,37,62,172.56501516725356,30.999999988125637,5921.999999991385,0.0
1618347592,10,,Aggregated,9.100000,0.000000,62,63,63,63,94,700,2200,3300,5000,5900,5900,4955,37,62,172.34288597418143,30.999999988125637,5921.999999991385,0.0
1618347593,10,,Aggregated,9.100000,0.000000,62,63,63,63,94,660,2200,3300,5000,5900,5900,4965,37,62,172.09647532770188,30.999999988125637,5921.999999991385,0.0
1618347594,10,,Aggregated,9.000000,0.000000,62,63,63,63,94,660,2200,3300,5000,5900,5900,4975,37,62,171.85125628182075,30.999999988125637,5921.999999991385,0.0
1618347595,10,,Aggregated,9.000000,0.000000,62,63,63,63,94,660,2200,3300,5000,5900,5900,4984,37,62,171.64727126847635,30.999999988125637,5921.999999991385,0.0
1618347596,10,,Aggregated,9.300000,0.000000,62,63,63,63,94,660,2200,3300,5000,5900,5900,4994,37,62,171.41049259151825,30.999999988125637,5921.999999991385,0.0
1618347597,10,,Aggregated,9.500000,0.000000,62,63,63,63,94,640,2200,3200,5000,5900,5900,5004,37,62,171.1778577142289,30.999999988125637,5921.999999991385,0.0
1618347598,10,,Aggregated,9.500000,0.000000,62,63,63,63,94,640,2200,3200,5000,5900,5900,5014,37,62,170.9485440769974,30.999999988125637,5921.999999991385,0.0
